sprite,name
[](#sprite1-p442),Accrington Stanley
[](#sprite8-p323),AFC Bridgnorth
[](#sprite4-p403),AFC Fylde
[](#sprite4-p213),AFC Hornchurch
[](#sprite2-p205),AFC Rushden & Diamonds
[](#sprite9-p3),AFC Sudbury
[](#sprite4-p247),AFC Telford United
[](#sprite2-p327),AFC Totton
[](#sprite1-p145),Wimbledon
[](#sprite1-p397),Aldershot Town
[](#sprite4-p452),Alfreton Town
[](#sprite1-p395),Altrincham
[](#sprite1-p1),Arsenal
[](#sprite4-p250),Ashington
[](#sprite1-p19),Aston Villa
[](#sprite7-p307),Aylesbury United
[](#sprite1-p245),Barnet
[](#sprite1-p212),Barnsley
[](#sprite2-p30),Barrow AFC
[](#sprite4-p224),Basingstoke Town
[](#sprite2-p362),Bath City
[](#sprite5-p158),Bedford Town
[](#sprite4-p461),Berwick Rangers
[](#sprite1-p102),Birmingham City
[](#sprite1-p83),Blackburn Rovers
[](#sprite1-p146),Blackpool
[](#sprite2-p118),Blyth Spartans
[](#sprite7-p230),Bodmin Town
[](#sprite2-p435),Bognor Regis Town
[](#sprite1-p104),Bolton Wanderers
[](#sprite4-p375),Boreham Wood
[](#sprite4-p366),Boston United
[](#sprite1-p218),Bournemouth
[](#sprite1-p155),Bradford City
[](#sprite5-p256),Braintree Town
[](#sprite1-p198),Brentford
[](#sprite7-p70),Bridlington Town
[](#sprite1-p103),Brighton & Hove Albion
[](#sprite1-p158),Bristol City
[](#sprite1-p211),Bristol Rovers
[](#sprite5-p257),Bromley
[](#sprite1-p156),Burnley
[](#sprite4-p332),Burscough FC
[](#sprite1-p459),Burton Albion
[](#sprite1-p466),Bury
[](#sprite2-p244),Cambridge City
[](#sprite1-p312),Cambridge United
[](#sprite2-p359),Canterbury City
[](#sprite1-p305),Carlisle United
[](#sprite2-p278),Carshalton Athletic
[](#sprite1-p147),Charlton Athletic
[](#sprite7-p48),Cheadle Town
[](#sprite5-p122),Chelmsford City
[](#sprite1-p4),Chelsea
[](#sprite1-p266),Cheltenham Town
[](#sprite1-p315),Chester FC
[](#sprite1-p302),Chesterfield
[](#sprite7-p92),Chippenham Town
[](#sprite4-p389),Chorley FC
[](#sprite4-p416),Clapton
[](#sprite1-p354),Colchester United
[](#sprite2-p164),Corby Town
[](#sprite1-p136),Coventry City
[](#sprite2-p38),Crawley Town
[](#sprite1-p236),Crewe Alexandra
[](#sprite8-p335),Croydon
[](#sprite1-p67),Crystal Palace
[](#sprite2-p242),Dagenham & Redbridge
[](#sprite2-p41),Darlington
[](#sprite4-p279),Dartford
[](#sprite1-p116),Derby County
[](#sprite1-p252),Doncaster Rovers
[](#sprite2-p246),Dover Athletic
[](#sprite2-p169),Droylsden
[](#sprite4-p479),Dulwich Hamlet
[](#sprite4-p301),Eastbourne Borough
[](#sprite4-p226),Eastleigh
[](#sprite2-p354),Ebbsfleet United
[](#sprite4-p432),Enfield Town
[](#sprite8-p368),Epsom & Ewell
[](#sprite1-p15),Everton
[](#sprite1-p267),Exeter City
[](#sprite2-p400),Farnborough
[](#sprite2-p200),FC Halifax Town
[](#sprite4-p339),FC Romania
[](#sprite1-p306),FC United
[](#sprite4-p377),Fisher
[](#sprite2-p364),Fleetwood Town
[](#sprite9-p10),Folkestone Invicta
[](#sprite2-p179),Forest Green Rovers
[](#sprite4-p457),Frome Town
[](#sprite1-p29),Fulham
[](#sprite4-p307),Gateshead
[](#sprite1-p268),Gillingham
[](#sprite4-p491),Glossop North End
[](#sprite2-p217),Gloucester City
[](#sprite4-p484),Gosport Borough
[](#sprite1-p233),Grimsby Town
[](#sprite5-p258),Guiseley
[](#sprite8-p492),Haringey Borough
[](#sprite2-p465),Harrogate Town
[](#sprite1-p428),Hartlepool United
[](#sprite2-p438),Hastings United
[](#sprite4-p225),Havant & Waterlooville
[](#sprite2-p367),Hayes & Yeading
[](#sprite4-p401),Hemel Hempstead Town
[](#sprite8-p220),Hendon
[](#sprite5-p36),Hereford FC
[](#sprite5-p60),Hinckley AFC
[](#sprite2-p311),Histon
[](#sprite1-p199),Huddersfield Town
[](#sprite1-p117),Hull City
[](#sprite8-p284),Huntingdon Town
[](#sprite4-p241),dkjadskfa
[](#sprite4-p256),Ilkeston
[](#sprite1-p118),Ipswich Town
[](#sprite2-p347),Kettering Town
[](#sprite2-p78),Kidderminster Harriers
[](#sprite4-p314),King's Lynn Town
[](#sprite8-p474),Lancaster City
[](#sprite4-p245),Leamington
[](#sprite8-p382),Leatherhead
[](#sprite1-p27),Leeds United
[](#sprite1-p87),Leicester City
[](#sprite5-p75),Lewes
[](#sprite1-p219),Leyton Orient
[](#sprite1-p331),Lincoln City
[](#sprite1-p3),Liverpool
[](#sprite4-p353),London Bees
[](#sprite1-p206),Luton Town
[](#sprite1-p469),Macclesfield Town
[](#sprite4-p485),Maidenhead United
[](#sprite1-p492),Maidstone United
[](#sprite1-p10),Manchester City
[](#sprite1-p2),Manchester United
[](#sprite2-p248),Mansfield Town
[](#sprite8-p327),Margate
[](#sprite2-p360),Marine
[](#sprite4-p497),Matlock Town
[](#sprite1-p91),Middlesbrough
[](#sprite1-p185),Millwall
[](#sprite1-p332),Milton Keynes Dons
[](#sprite1-p355),Morecambe
[](#sprite1-p11),Newcastle United
[](#sprite7-p200),Newton Aycliffe
[](#sprite8-p249),North Ferriby United
[](#sprite1-p346),Northampton Town
[](#sprite8-p388),Northwich Victoria
[](#sprite1-p44),Norwich City
[](#sprite1-p66),Nottingham Forest
[](#sprite1-p318),Notts County
[](#sprite2-p489),Nuneaton Town
[](#sprite1-p255),Oldham Athletic
[](#sprite1-p191),Oxford United
[](#sprite7-p205),Paget Rangers
[](#sprite4-p74),Paulton Rovers
[](#sprite4-p223),Peel AFC
[](#sprite1-p269),Peterborough United
[](#sprite1-p170),Plymouth Argyle
[](#sprite4-p384),Poole Town
[](#sprite1-p307),Port Vale
[](#sprite1-p85),Portsmouth
[](#sprite4-p456),Prescot Cables
[](#sprite1-p179),Preston North End
[](#sprite1-p57),Queens Park Rangers
[](#sprite4-p407),Racing Club Warwick
[](#sprite4-p404),Ramsbottom United
[](#sprite1-p73),Reading
[](#sprite2-p52),Redditch United
[](#sprite5-p89),Retford United
[](#sprite1-p468),Rochdale
[](#sprite1-p404),Rotherham United
[](#sprite7-p66),Salford City
[](#sprite4-p387),Salisbury City
[](#sprite8-p326),Scarborough Athletic
[](#sprite1-p278),Scunthorpe United
[](#sprite4-p495),Sheffield FC
[](#sprite1-p159),Sheffield United
[](#sprite1-p92),Sheffield Wednesday
[](#sprite7-p244),Shepshed Dynamo
[](#sprite1-p368),Shrewsbury Town
[](#sprite7-p222),Skelmersdale United
[](#sprite8-p475),Slough Town
[](#sprite7-p228),Solihull Moors
[](#sprite8-p479),South Shields
[](#sprite1-p38),Southampton
[](#sprite1-p333),Southend United
[](#sprite2-p374),Southport
[](#sprite4-p379),Spennymoor Town
[](#sprite4-p380),St Albans City
[](#sprite8-p351),St Helens Town AFC
[](#sprite7-p91),Stafford Rangers
[](#sprite1-p334),Stevenage
[](#sprite1-p335),Stockport County
[](#sprite1-p81),Stoke City
[](#sprite7-p69),Stourbridge
[](#sprite1-p46),Sunderland
[](#sprite4-p373),Sutton United
[](#sprite1-p131),Swindon Town
[](#sprite4-p412),Tamworth
[](#sprite5-p63),Tiverton Town
[](#sprite4-p399),Tonbridge Angels
[](#sprite8-p497),Tooting & Mitcham United
[](#sprite1-p360),Torquay United
[](#sprite1-p5),Tottenham Hotspur
[](#sprite7-p131),Tower Hamlets
[](#sprite4-p418),Trafford
[](#sprite1-p246),Tranmere Rovers
[](#sprite4-p322),Truro City
[](#sprite1-p370),Walsall
[](#sprite4-p299),Warrington Town
[](#sprite1-p112),Watford
[](#sprite4-p248),Wealdstone
[](#sprite4-p326),Welling United
[](#sprite4-p257),Wembley
[](#sprite1-p78),West Bromwich Albion
[](#sprite1-p21),West Ham United
[](#sprite2-p361),Weston-super-Mare
[](#sprite7-p240),Weymouth
[](#sprite8-p372),Whitchurch United
[](#sprite7-p93),Whitehawk
[](#sprite1-p105),Wigan Athletic
[](#sprite8-p486),Witton Albion
[](#sprite2-p83),Woking
[](#sprite1-p70),Wolverhampton Wanderers
[](#sprite4-p470),Workington
[](#sprite8-p477),Worthing
[](#sprite1-p336),Wycombe Wanderers
[](#sprite1-p239),Yeovil Town
[](#sprite1-p308),York City
[](#sprite7-p94),Aberystwyth Town
[](#sprite8-p86),Bala Town
[](#sprite2-p124),Bangor City
[](#sprite5-p23),Barry Town United
[](#sprite1-p80),Cardiff City
[](#sprite2-p218),Colwyn Bay
[](#sprite8-p91),Connah's Quay Nomads
[](#sprite8-p265),Glan Conwy
[](#sprite8-p148),Llanelli Town AFC
[](#sprite8-p88),MBi Llandudno
[](#sprite4-p365),Merthyr Town
[](#sprite2-p66),Newport County
[](#sprite7-p396),Newtown AFC
[](#sprite4-p154),Prestatyn Town
[](#sprite8-p233),Rhyl
[](#sprite1-p39),Swansea City
[](#sprite7-p191),The New Saints
[](#sprite1-p299),Wrexham
[](#sprite1-p128),Aberdeen
[](#sprite2-p454),Airdrieonians
[](#sprite5-p52),Albion Rovers
[](#sprite2-p476),Alloa Athletic
[](#sprite5-p53),Annan Athletic
[](#sprite2-p237),Arbroath
[](#sprite1-p412),Ayr United
[](#sprite8-p221),Bo'ness United
[](#sprite4-p383),Brechin City
[](#sprite8-p447),Buckie Thistle
[](#sprite1-p18),Celtic
[](#sprite2-p313),Clyde
[](#sprite4-p444),Cove Rangers
[](#sprite5-p54),Cowdenbeath
[](#sprite4-p442),Dumbarton
[](#sprite1-p314),Dundee
[](#sprite1-p163),Dundee United
[](#sprite1-p300),Dunfermline Athletic
[](#sprite2-p273),East Fife
[](#sprite5-p79),East Kilbride
[](#sprite5-p55),East Stirling
[](#sprite8-p180),Edinburgh City
[](#sprite2-p141),Elgin City
[](#sprite1-p410),Falkirk
[](#sprite4-p66),Forfar Athletic
[](#sprite7-p214),Fort William
[](#sprite7-p309),Gala Fairydean Rovers
[](#sprite1-p297),Greenock Morton
[](#sprite2-p437),Hamilton Academical
[](#sprite1-p123),Heart of Midlothian
[](#sprite1-p164),Hibernian
[](#sprite1-p343),Inverness Caledonian Thistle
[](#sprite1-p356),Kilmarnock
[](#sprite8-p357),Kirby Muxloe
[](#sprite7-p137),Linlithgow Rose
[](#sprite4-p422),Livingston
[](#sprite3-p32),Lothian Thistle Hutchison Vale
[](#sprite5-p56),Montrose
[](#sprite1-p248),Motherwell
[](#sprite1-p327),Partick Thistle
[](#sprite5-p57),Peterhead
[](#sprite2-p470),Queen of the South
[](#sprite2-p331),Queen's Park
[](#sprite2-p471),Raith Rovers
[](#sprite1-p40),Rangers
[](#sprite1-p472),Ross County
[](#sprite1-p293),St Johnstone
[](#sprite1-p344),St Mirren
[](#sprite5-p58),Stenhousemuir
[](#sprite5-p59),Stirling Albion
[](#sprite2-p495),Stranraer
[](#sprite4-p302),Wick Academy
[](#sprite4-p30),AC Ajaccio
[](#sprite4-p111),AC Arles-Avignon
[](#sprite4-p31),Amiens SC
[](#sprite4-p32),Angers SCO
[](#sprite8-p391),AS Cannes
[](#sprite2-p211),AS Nancy
[](#sprite2-p265),Auxerre
[](#sprite2-p295),Bastia
[](#sprite1-p271),FC Girondins de Bordeaux
[](#sprite4-p108),Boulogne
[](#sprite5-p346),Chamois Niortais
[](#sprite2-p294),Clermont Foot
[](#sprite2-p459),Dijon
[](#sprite2-p292),Evian Thonon Gaillard
[](#sprite2-p107),FC Lorient
[](#sprite5-p345),Football Bourg-en-Bresse P√©ronnas 01
[](#sprite5-p131),Gaz√©lec Ajaccio
[](#sprite2-p380),Grenoble Foot
[](#sprite2-p296),En Avant Guingamp
[](#sprite4-p33),Istres
[](#sprite4-p107),LB Ch√¢teauroux
[](#sprite2-p197),Le Havre AC
[](#sprite2-p293),Le Mans
[](#sprite2-p181),Lens
[](#sprite1-p320),Lille OSC
[](#sprite1-p429),Metz
[](#sprite1-p186),AS Monaco
[](#sprite1-p337),Montpellier HSC
[](#sprite1-p363),Nantes
[](#sprite5-p347),Nimes Olympique
[](#sprite2-p71),OGC Nice
[](#sprite1-p119),Olympique de Marseille
[](#sprite1-p106),Olympique Lyonnais
[](#sprite4-p468),Paris FC
[](#sprite1-p35),Paris Saint-Germain
[](#sprite8-p433),Pau FC
[](#sprite4-p155),RC Strasbourg
[](#sprite4-p446),Red Star
[](#sprite1-p321),AS Saint-√âtienne
[](#sprite4-p109),Sedan
[](#sprite2-p89),Stade Malherbe Caen
[](#sprite2-p198),FC Sochaux-Montbéliard
[](#sprite2-p138),Brest
[](#sprite4-p112),Laval
[](#sprite2-p389),Stade de Reims
[](#sprite2-p13),Stade Rennais
[](#sprite2-p108),Toulouse
[](#sprite2-p388),Tours
[](#sprite4-p110),Troyes AC
[](#sprite5-p344),US Cr√©teil-Lusitanos
[](#sprite8-p194),US Orl√©ans
[](#sprite4-p106),Valenciennes
[](#sprite1-p178),1. FC Kaiserslautern
[](#sprite1-p125),1. FC K√∂ln
[](#sprite2-p383),Magdeburg
[](#sprite1-p176),1. FC N√ºrnberg
[](#sprite2-p68),1. FC Saarbr√ºcken
[](#sprite4-p289),FC Schweinfurt
[](#sprite3-p23),1. FC Union Berlin
[](#sprite4-p89),1. FFC Turbine Potsdam
[](#sprite1-p205),1. FSV Mainz 05
[](#sprite1-p353),TSG 1899 Hoffenheim
[](#sprite4-p283),1. FC Heidenheim
[](#sprite1-p414),Alemannia Aachen
[](#sprite8-p471),Altona 93
[](#sprite1-p290),Arminia Bielefeld
[](#sprite8-p487),ASC 09 Dortmund
[](#sprite1-p132),Bayer 04 Leverkusen
[](#sprite1-p8),FC Bayern Munich
[](#sprite4-p325),Berliner FC Dynamo
[](#sprite8-p476),Bonner SC
[](#sprite1-p12),Borussia Dortmund
[](#sprite1-p134),Borussia Mönchengladbach
[](#sprite8-p451),BSC Kickers 1900
[](#sprite2-p59),BSG Chemie Leipzig
[](#sprite4-p82),Chemnitzer FC
[](#sprite1-p398),Dynamo Dresden
[](#sprite1-p378),Eintracht Braunschweig
[](#sprite1-p86),Eintracht Frankfurt
[](#sprite4-p262),Eintracht Trier
[](#sprite2-p434),Erzgebirge Aue
[](#sprite8-p340),FC 07 Albstadt
[](#sprite1-p291),FC Augsburg
[](#sprite4-p265),FC Carl Zeiss Jena
[](#sprite4-p348),FC Eintracht Bamberg
[](#sprite2-p243),FC Energie Cottbus
[](#sprite2-p322),FC Hanau 93
[](#sprite4-p477),FC Ingolstadt
[](#sprite1-p114),FC St. Pauli
[](#sprite1-p203),Fortuna D√ºsseldorf
[](#sprite8-p198),Fortuna K√∂ln
[](#sprite4-p171),FSV Frankfurt
[](#sprite8-p202),FSV Zwickau
[](#sprite4-p405),Hallescher FC
[](#sprite1-p74),Hamburger SV
[](#sprite1-p177),Hannover 96
[](#sprite1-p304),Hansa Rostock
[](#sprite1-p121),Hertha BSC
[](#sprite5-p24),Hessen Kassel
[](#sprite2-p352),Holstein Kiel
[](#sprite1-p260),Karlsruher SC
[](#sprite4-p335),KFC Uerdingen 05
[](#sprite2-p111),Kickers Offenbach
[](#sprite8-p254),Lokomotive Leipzig
[](#sprite5-p125),L√ºneburger SK Hansa
[](#sprite1-p367),MSV Duisburg
[](#sprite5-p14),RB Leipzig
[](#sprite7-p187),Rot-Wei√ü Erfurt
[](#sprite2-p158),Rot-Weiss Essen
[](#sprite5-p260),Oberhausen
[](#sprite4-p284),Sandhausen
[](#sprite1-p154),Freiburg
[](#sprite7-p420),SC F√ºrstenfeldbruck
[](#sprite8-p239),SC Hauenstein
[](#sprite5-p13),SC Ostenland
[](#sprite2-p231),SC Paderborn
[](#sprite1-p467),SC Preu√üen M√ºnster
[](#sprite1-p79),Schalke 04
[](#sprite8-p203),SG Sonnenhof Gro√üaspach
[](#sprite7-p424),Sportfreunde Lotte
[](#sprite5-p73),SpVgg Bayern Hof
[](#sprite7-p366),SpVgg Bayreuth
[](#sprite2-p43),SpVgg Greuther F√ºrth
[](#sprite4-p406),SpVgg Unterhaching
[](#sprite4-p315),SSV Jahn Regensburg
[](#sprite4-p221),SSV Reutlingen 05
[](#sprite2-p333),Ulm
[](#sprite2-p492),Stuttgarter Kickers
[](#sprite2-p433),Babelsberg
[](#sprite1-p489),SV Darmstadt
[](#sprite8-p489),SV Lippstadt 08
[](#sprite8-p398),SV Meppen
[](#sprite4-p355),SV Tasmania Berlin
[](#sprite2-p349),SV Wacker Burghausen
[](#sprite2-p172),SV Waldhof Mannheim
[](#sprite2-p375),SV Wehen Wiesbaden
[](#sprite9-p2),Tennis Borussia Berlin
[](#sprite1-p254),TSV 1860 M√ºnchen
[](#sprite8-p163),TSV Kleinrinderfeld
[](#sprite5-p5),TuS Koblenz
[](#sprite7-p216),VfB L√ºbeck
[](#sprite2-p414),VfB Oldenburg
[](#sprite1-p68),VfB Stuttgart
[](#sprite1-p317),VfL Bochum
[](#sprite4-p239),VfL Osnabr√ºck
[](#sprite1-p427),VfL Wolfsburg
[](#sprite4-p476),VfR Aalen
[](#sprite5-p483),Viktoria K√∂ln
[](#sprite1-p64),Werder Bremen
[](#sprite4-p80),Westfalia Herne
[](#sprite2-p170),Wormatia Worms
[](#sprite4-p336),Wuppertaler SV
[](#sprite4-p417),W√ºrzburger Kickers
[](#sprite8-p394),AC Cuneo 1905
[](#sprite1-p13),Milan
[](#sprite4-p197),AC Perugia
[](#sprite7-p242),AC Pisa 1909
[](#sprite7-p186),Alessandria
[](#sprite1-p36),Roma
[](#sprite4-p414),Ascoli Calcio 1838
[](#sprite2-p182),Atalanta
[](#sprite4-p85),Avellino
[](#sprite1-p464),Bari
[](#sprite4-p424),Benevento
[](#sprite2-p129),Bologna FC 1909
[](#sprite2-p430),Brescia
[](#sprite2-p183),Cagliari
[](#sprite5-p341),Calcio Como
[](#sprite8-p152),Calcio Padova
[](#sprite4-p246),Campobasso
[](#sprite4-p486),Carpi
[](#sprite2-p184),Catania
[](#sprite4-p308),Catanzaro
[](#sprite2-p342),Cesena
[](#sprite2-p4),ChievoVerona
[](#sprite8-p248),Cittadella
[](#sprite4-p333),Cosenza
[](#sprite8-p459),Cremonese
[](#sprite5-p337),Crotone
[](#sprite4-p341),Empoli
[](#sprite1-p149),ACF Fiorentina
[](#sprite7-p449),Foggia
[](#sprite5-p86),Frosinone
[](#sprite2-p130),Genoa
[](#sprite2-p90),Hellas Verona
[](#sprite1-p25),Inter Milan
[](#sprite8-p151),Juve Stabia
[](#sprite1-p17),Juventus
[](#sprite5-p340),Latina
[](#sprite1-p189),Lazio
[](#sprite2-p266),Livorno
[](#sprite8-p213),Maceratese
[](#sprite2-p472),Modena
[](#sprite1-p75),SSC Napoli
[](#sprite4-p172),Novara
[](#sprite1-p207),Palermo
[](#sprite1-p430),Parma Calcio 1913
[](#sprite2-p241),Delfino Pescara 1936
[](#sprite4-p10),Pistoiese
[](#sprite8-p395),Pordenone
[](#sprite2-p315),Pro Vercelli
[](#sprite4-p459),Reggina
[](#sprite5-p343),US Salernitana 1919
[](#sprite8-p252),Sambenedettese
[](#sprite2-p186),Sampdoria
[](#sprite8-p369),Santarcangelo Calcio
[](#sprite8-p153),SEF Torres 1903
[](#sprite2-p131),Siena
[](#sprite7-p312),SPAL
[](#sprite5-p4),Spezia
[](#sprite4-p312),Termoli
[](#sprite5-p342),Ternana
[](#sprite1-p486),Torino
[](#sprite5-p336),Trapani
[](#sprite2-p314),Trento Calcio 1921
[](#sprite8-p385),Triestina
[](#sprite1-p310),Udinese
[](#sprite2-p185),Lecce
[](#sprite4-p340),US Sassuolo
[](#sprite5-p136),Varese
[](#sprite2-p404),Venezia
[](#sprite2-p366),Vicenza
[](#sprite5-p338),Virtus Entella
[](#sprite5-p339),Virtus Lanciano
[](#sprite2-p386),Albacete Balompié
[](#sprite5-p70),Alcorc√≥n
[](#sprite2-p376),Almer√≠a
[](#sprite1-p171),Athletic Bilbao
[](#sprite1-p76),Atl√©tico Madrid
[](#sprite2-p335),Badajoz
[](#sprite8-p457),Badalona
[](#sprite1-p6),Barcelona
[](#sprite2-p135),C√°diz CF
[](#sprite7-p326),CE Europa
[](#sprite5-p157),Ceares
[](#sprite1-p408),Celta Vigo
[](#sprite7-p422),Club Portugalete
[](#sprite4-p194),C√≥rdoba
[](#sprite8-p399),Cultural y Deportiva Leonesa
[](#sprite5-p12),Deportivo Alav√©s
[](#sprite1-p256),Deportivo La Coru√±a
[](#sprite4-p170),Elche
[](#sprite2-p22),RCD Espanyol
[](#sprite8-p465),Extremadura
[](#sprite2-p180),Getafe
[](#sprite5-p69),Gimn√†stic de Tarragona
[](#sprite4-p254),Girona
[](#sprite2-p63),Granada
[](#sprite4-p160),H√©rcules
[](#sprite4-p5),Huesca
[](#sprite2-p153),Las Palmas
[](#sprite5-p28),Legan√©s
[](#sprite2-p105),Levante
[](#sprite5-p68),Llagostera
[](#sprite4-p233),Lleida Esportiu
[](#sprite8-p354),Lorca Deportiva
[](#sprite4-p464),Lugo
[](#sprite1-p292),M√°laga
[](#sprite2-p264),RCD Mallorca
[](#sprite8-p11),Marbella
[](#sprite8-p380),Melilla
[](#sprite5-p67),Mirand√©s
[](#sprite5-p66),Numancia
[](#sprite2-p87),Osasuna
[](#sprite5-p65),Ponferradina
[](#sprite8-p81),Racing Ferrol
[](#sprite2-p88),Racing Santander
[](#sprite2-p9),Rayo Vallecano
[](#sprite1-p296),Real Betis
[](#sprite4-p196),Real Ja√©n
[](#sprite1-p9),Real Madrid
[](#sprite4-p472),Real Murcia
[](#sprite1-p369),Real Oviedo
[](#sprite1-p237),Real Sociedad
[](#sprite8-p235),Real Uni√≥n
[](#sprite1-p493),Real Zaragoza
[](#sprite4-p174),Recreativo Huelva
[](#sprite7-p82),Reus Deportiu
[](#sprite5-p62),SD Compostela
[](#sprite1-p500),Eibar
[](#sprite1-p229),Sevilla
[](#sprite1-p463),Sporting Gij√≥n
[](#sprite2-p23),Tenerife
[](#sprite8-p463),Toledo
[](#sprite8-p240),UCAM Murcia
[](#sprite5-p61),UD Logro√±√©s
[](#sprite9-p7),Unionistas de Salamanca
[](#sprite1-p107),Valencia
[](#sprite2-p377),Real Valladolid
[](#sprite5-p484),Villanovense
[](#sprite1-p270),Villarreal
[](#sprite4-p9),Xerez
[](#sprite1-p385),Acad√©mica de Coimbra
[](#sprite7-p189),Acad√©mico de Viseu
[](#sprite7-p433),AD Fafe
[](#sprite8-p455),Alpendorada
[](#sprite8-p338),Alverca
[](#sprite4-p493),Arouca
[](#sprite8-p488),Barreirense
[](#sprite2-p122),Beira-Mar
,Belenenses SAD
[](#sprite1-p26),Benfica
[](#sprite2-p160),Boavista
[](#sprite5-p129),Caldas Sport Clube
[](#sprite8-p360),CD Cinf√£es
[](#sprite5-p15),Tondela
[](#sprite8-p403),Cova da Piedade
[](#sprite8-p216),CU Micaelense
 ,Aves
[](#sprite8-p378),Espinho
[](#sprite4-p489),Estoril
[](#sprite8-p345),Famalic√£o
[](#sprite9-p4),FC Felgueiras 1932
[](#sprite7-p232),FC Ferreiras
[](#sprite1-p37),FC Porto
[](#sprite4-p211),Feirense
[](#sprite4-p7),GD Chaves
[](#sprite4-p490),Gil Vicente
[](#sprite8-p481),Leix√µes
[](#sprite2-p245),Mar√≠timo
[](#sprite3-p13),Moreirense
[](#sprite4-p295),Naval 1¬∫ de Maio
[](#sprite4-p277),Pa√ßos de Ferreira
[](#sprite4-p235),Penafiel
[](#sprite8-p469),Portimonense
[](#sprite2-p496),Rio Ave
[](#sprite8-p359),Salgueiros
[](#sprite4-p91),Santa Clara
[](#sprite1-p342),SC Braga
[](#sprite8-p435),SC Praiense
[](#sprite1-p52),Sporting CP
[](#sprite4-p292),Torreense
[](#sprite5-p485),UD Santana
[](#sprite5-p16),Uni√£o da Madeira
[](#sprite8-p466),Uni√£o de Leiria
[](#sprite8-p434),Varzim
[](#sprite2-p99),Vit√≥ria
[](#sprite2-p477),Vit√≥ria SC
[](#sprite2-p415),Alania Vladikavkaz
[](#sprite2-p297),FC Amkar Perm
[](#sprite4-p214),Arsenal Tula
[](#sprite8-p446),Avangard
[](#sprite8-p187),Baltika Kaliningrad
[](#sprite1-p220),PFC CSKA Moskva
[](#sprite2-p134),FC Dinamo Moscow
[](#sprite8-p440),Dynamo Saint Petersburg
[](#sprite8-p188),Fakel Voronezh
[](#sprite2-p40),FC Anzhi Makhachkala
[](#sprite8-p154),FC Sibir Novosibirsk
[](#sprite5-p112),FC Ufa
[](#sprite4-p34),FC Volga Nizhny Novgorod
[](#sprite8-p189),Khimki
[](#sprite4-p113),Krasnodar
[](#sprite4-p114),FC Krylia Sovetov Samara
[](#sprite4-p115),Kuban
[](#sprite2-p72),FC Lokomotiv Moscow
[](#sprite4-p367),Luch-Energiya
[](#sprite5-p111),Mordovia Saransk
[](#sprite8-p181),Neftekhimik Nizhnekamsk
[](#sprite8-p445),Olimpiyets
[](#sprite8-p200),Orenburg
[](#sprite2-p390),PFC Spartak Nalchik
[](#sprite2-p192),FC Rostov
[](#sprite4-p177),Rotor Volgograd
[](#sprite2-p272),Rubin Kazan
[](#sprite8-p185),Shinnik Yaroslavl
[](#sprite4-p263),SKA-Khabarovsk
[](#sprite8-p186),Sokol Saratov
[](#sprite1-p247),FC Spartak Moscow
[](#sprite8-p182),Tambov
[](#sprite2-p391),FK Akhmat Grozny
[](#sprite2-p212),Tom Tomsk
[](#sprite4-p200),Torpedo
[](#sprite8-p183),Tosno
[](#sprite7-p236),Tyumen
[](#sprite4-p269),FC Ural Yekaterinburg
[](#sprite8-p184),Volgar Astrakhan
[](#sprite8-p19),Yakutiya Yakutsk
[](#sprite4-p469),Yenisey
[](#sprite3-p11),FC Zenit Saint Petersburg
[](#sprite4-p328),AC Bellinzona
[](#sprite2-p483),FC Aarau
[](#sprite1-p192),Basel
[](#sprite8-p293),FC Chiasso
[](#sprite8-p292),FC Le Mont
[](#sprite5-p127),Lugano
[](#sprite2-p281),FC Luzern
[](#sprite8-p290),FC Schaffhausen
[](#sprite2-p474),FC Sion
[](#sprite9-p17),FC Solothurn
[](#sprite2-p473),FC Thun
[](#sprite2-p431),FC Wil 1900
[](#sprite2-p234),FC Winterthur
[](#sprite8-p208),FC Wohlen
[](#sprite3-p5),FC Z√ºrich
[](#sprite1-p450),Grasshoppers
[](#sprite4-p3),Lausanne-Sport
[](#sprite8-p291),FC Neuch√¢tel Xamax FCS
[](#sprite2-p96),Servette
[](#sprite2-p75),FC St Gallen
[](#sprite1-p258),BSC Young Boys
[](#sprite1-p284),AEK Athens
[](#sprite2-p279),AEL
[](#sprite7-p207),AO Trikala
[](#sprite8-p266),AOK Kerkyra
[](#sprite8-p375),Apollon Smyrni
[](#sprite2-p303),Aris Thessaloniki
[](#sprite2-p432),Asteras Tripolis
[](#sprite4-p72),Atromitos
[](#sprite4-p272),Doxa Drama
[](#sprite7-p476),Ergotelis
[](#sprite4-p282),FC Serres
[](#sprite5-p102),Iraklis
[](#sprite5-p110),Kalloni
,Lamia
[](#sprite5-p109),Levadiakos
[](#sprite4-p163),OFI Crete
[](#sprite1-p139),Olympiakos
[](#sprite8-p493),Panarkadikos
[](#sprite1-p183),Panathinaikos
[](#sprite5-p108),Panetolikos
[](#sprite4-p175),Panionios
[](#sprite5-p107),Panthrakikos
[](#sprite1-p413),PAOK
[](#sprite5-p106),PAS Giannina
[](#sprite5-p105),Platanias
[](#sprite8-p263),Sparta FC
[](#sprite5-p103),Veria
[](#sprite5-p104),Xanthi
[](#sprite1-p157),RSC Anderlecht
[](#sprite2-p478),BX Brussels
[](#sprite2-p216),Cercle Brugge
[](#sprite4-p280),R Charleroi SC
[](#sprite1-p217),Club Brugge
[](#sprite4-p161),Eendracht Aalst
[](#sprite7-p314),Eendracht Rotem
[](#sprite1-p316),KRC Genk
[](#sprite2-p37),KAA Gent
[](#sprite8-p201),KAS Eupen
[](#sprite5-p45),KFCO Beerschot Wilrijk
[](#sprite4-p165),KV Kortrijk
[](#sprite2-p15),KV Mechelen
[](#sprite2-p363),KV Oostende
[](#sprite4-p317),KVK Westhoek
[](#sprite2-p256),Lierse
[](#sprite2-p309),Lokeren
[](#sprite2-p323),OHL
[](#sprite4-p251),Roeselare
[](#sprite2-p45),Royal Antwerp
[](#sprite4-p215),Royal Excel Mouscron
[](#sprite4-p198),Sint-Truidense VV
[](#sprite1-p351),Standard Li√®ge
[](#sprite2-p306),Union Saint-Gilloise
[](#sprite4-p500),Waasland-Beveren
[](#sprite2-p310),Westerlo
[](#sprite2-p20),Zulte Waregem
[](#sprite8-p212),Achilles '29
[](#sprite1-p373),ADO Den Haag
[](#sprite1-p22),Ajax
[](#sprite4-p436),Almere City
[](#sprite3-p2),AZ Alkmaar
[](#sprite2-p76),De Graafschap
[](#sprite2-p269),DOS Kampen
[](#sprite4-p313),DSV Concordia
[](#sprite2-p398),Excelsior
[](#sprite3-p30),Excelsior '31
[](#sprite4-p47),FC Den Bosch
[](#sprite4-p208),FC Dordrecht
[](#sprite7-p238),FC Eindhoven
[](#sprite8-p210),Emmen
[](#sprite1-p279),FC Groningen
[](#sprite8-p211),FC Oss
[](#sprite1-p162),Twente
[](#sprite4-p14),FC Volendam
[](#sprite1-p65),Feyenoord
[](#sprite2-p316),Fortuna Sittard
[](#sprite2-p127),Go Ahead Eagles
[](#sprite5-p1),Harkemase Boys
[](#sprite2-p159),Helmond Sport
[](#sprite4-p12),Heracles Almelo
[](#sprite9-p1),HHC Hardenberg
[](#sprite8-p494),IJsselmeervogels
[](#sprite5-p482),Kozakken Boys
[](#sprite2-p497),MVV-Maastricht
[](#sprite2-p42),NAC Breda
[](#sprite1-p366),NEC
[](#sprite1-p445),PEC Zwolle
[](#sprite1-p120),PSV Eindhoven
[](#sprite4-p140),RKC Waalwijk
[](#sprite2-p191),Roda JC
[](#sprite1-p473),SC Cambuur
[](#sprite1-p311),SC Heerenveen
[](#sprite7-p237),SDC Putten
[](#sprite2-p5),Sparta Rotterdam
[](#sprite4-p445),Telstar
[](#sprite1-p240),Utrecht
[](#sprite1-p339),Vitesse
[](#sprite9-p16),VV De Meern
[](#sprite7-p226),VV Katwijk
[](#sprite2-p139),VVV-Venlo
[](#sprite4-p79),Willem II
[](#sprite2-p488),Chernomorets Odessa
[](#sprite2-p176),SC Dnipro-1
[](#sprite1-p231),FC Dynamo Kyiv
[](#sprite8-p439),FC Mariupol
[](#sprite8-p484),FC Nyva-V Vinnytsia
[](#sprite5-p275),Oleksandriya
[](#sprite5-p278),Hoverla Uzhhorod
[](#sprite5-p279),FC Lviv
[](#sprite8-p387),Metalist 1925 Kharkiv
[](#sprite5-p277),Metalurh Zaporizhya
[](#sprite8-p157),NK Veres Rivne
[](#sprite5-p274),Olimpik Donetsk
[](#sprite1-p294),Shakhtar Donetsk
[](#sprite5-p273),Stal Dniprodzerzhynsk
[](#sprite5-p276),Volyn Lutsk
[](#sprite4-p133),FC Vorskla Poltava
[](#sprite8-p176),Zirka Kropyvnytskyi
[](#sprite5-p93),Zorya Luhansk
[](#sprite8-p219),Adanaspor
[](#sprite3-p25),Akhisar Belediye
[](#sprite8-p12),Alanyaspor
[](#sprite5-p21),Altƒ±nordu
[](#sprite5-p95),Antalyaspor
[](#sprite8-p325),Batman Petrolspor
[](#sprite1-p160),Be≈üikta≈ü
[](#sprite2-p199),Bursaspor
[](#sprite5-p96),Çaykur Rizespor
[](#sprite7-p248),Denizlispor
[](#sprite5-p97),Eski≈üehirspor
[](#sprite1-p88),Fenerbah√ße
[](#sprite1-p42),Galatasaray
[](#sprite4-p150),Gazisehir Gaziantep FK
[](#sprite4-p199),Gen√ßlerbirliƒüi
[](#sprite2-p194),G√∂ztepe
[](#sprite5-p98),ƒ∞stanbul Ba≈üak≈üehir
[](#sprite8-p490),ƒ∞stanbulspor
[](#sprite8-p222),Kardemir Karab√ºkspor
[](#sprite2-p357),Kar≈üƒ±yaka
[](#sprite5-p99),Kasƒ±mpa≈üa
[](#sprite2-p443),Kayserispor
[](#sprite2-p369),Konyaspor
[](#sprite5-p100),Mersin ƒ∞dmanyurdu
[](#sprite7-p249),Orduspor
[](#sprite5-p101),Osmanlƒ±spor
[](#sprite4-p205),Samsunspor
[](#sprite2-p439),Sanica Boru Elazƒ±ƒüspor
[](#sprite2-p382),Sivasspor
[](#sprite1-p357),Trabzonspor
[](#sprite8-p458),Yeni Malatyaspor
[](#sprite8-p428),AFC Eskilstuna
[](#sprite1-p108),AIK
[](#sprite5-p436),Akropolis IF
[](#sprite4-p287),Assyriska FF
[](#sprite2-p171),√Ötvidaberg
[](#sprite2-p104),BK H√§cken
[](#sprite8-p365),Carlstad United BK
[](#sprite5-p435),Dalkurd FF
[](#sprite8-p337),Degerfors
[](#sprite1-p141),Djurg√•rdens IF
[](#sprite7-p231),Eskilstuna
[](#sprite4-p425),Falkenbergs FF
[](#sprite1-p433),GAIS
[](#sprite2-p447),Gefle IF
[](#sprite2-p149),GIF Sundsvall
[](#sprite5-p163),H√•bro IF
[](#sprite4-p293),Hallstahammars SK
[](#sprite2-p95),Halmstads BK
[](#sprite1-p174),Hammarby IF
[](#sprite1-p274),Helsingborgs IF
[](#sprite4-p13),IF Brommapojkarna
[](#sprite1-p365),IF Elfsborg
[](#sprite5-p138),IFK Eskilstuna
[](#sprite1-p180),IFK G√∂teborg
[](#sprite2-p147),IFK Norrk√∂ping
[](#sprite5-p244),IK Frej
[](#sprite2-p330),IK Sirius
[](#sprite5-p246),J√∂nk√∂pings S√∂dra IF
[](#sprite4-p337),Juventus IF
[](#sprite2-p162),Kalmar FF
[](#sprite8-p390),Kvarnby IK
[](#sprite2-p421),Landskrona BoIS
[](#sprite4-p429),Lunds BK
[](#sprite1-p166),Malm√∂ FF
[](#sprite4-p244),Mj√§llby AIF
[](#sprite7-p206),Moholms SK
[](#sprite4-p255),Motala AIF FK
[](#sprite5-p178),Norrby IF
[](#sprite8-p164),Nyk√∂pings BIS
[](#sprite1-p374),√ñrebro SK
[](#sprite2-p74),√ñrgryte IS
[](#sprite4-p496),√ñster
[](#sprite2-p48),√ñstersunds FK
[](#sprite5-p354),Parsian IF
[](#sprite8-p349),Sandvikens IF
[](#sprite7-p89),Sk√∂vde AIK
[](#sprite4-p71),Syrianska FC
[](#sprite5-p434),Trelleborgs FF
[](#sprite4-p2),Tyres√∂ FF
[](#sprite2-p418),Varbergs BoIS
[](#sprite4-p488),V√§ster√•s SK
[](#sprite5-p216),ACS Poli Timi»ôoara
[](#sprite5-p88),Astra Giurgiu
[](#sprite2-p372),CeahlƒÉul Piatra Neam»õ
[](#sprite2-p94),CFR Cluj
[](#sprite5-p217),Concordia Chiajna
[](#sprite5-p220),CS Universitatea Craiova
[](#sprite9-p15),CSA Steaua Bucure»ôti
[](#sprite4-p70),CSMS Ia»ôi
[](#sprite1-p281),Dinamo Bucure≈üti
[](#sprite2-p427),Farul Constan»õa
[](#sprite5-p218),Botosani
[](#sprite4-p134),FC Vaslui
[](#sprite5-p219),FC Voluntari
[](#sprite4-p427),Gaz Metan Media»ô
[](#sprite8-p448),Juventus Bucure»ôti
[](#sprite4-p132),O»õelul Gala»õi
[](#sprite5-p179),Pandurii
[](#sprite2-p426),Petrolul Ploie»ôti
[](#sprite1-p347),Rapid Bucure»ôti
[](#sprite8-p442),Sepsi Sf√¢ntu Gheorghe
[](#sprite2-p451),SR Bra»ôov
[](#sprite4-p454),SS Politehnica Timi»ôoara
[](#sprite1-p133),FC FCSB
[](#sprite4-p482),T√¢rgu Mure»ô
[](#sprite8-p149),Universitatea Cluj
[](#sprite2-p82),Universitatea Craiova
[](#sprite8-p392),UTA Arad
[](#sprite2-p419),Viitorul Constan»õa
[](#sprite4-p487),Ashdod
[](#sprite2-p54),Beitar Trump Jerusalem
[](#sprite5-p399),Bnei Sakhnin
[](#sprite5-p398),Bnei Yehuda
[](#sprite5-p401),Hapoel Akko
[](#sprite5-p403),Hapoel Be'er Sheva
[](#sprite7-p398),Hapoel Haifa
[](#sprite5-p402),Hapoel Ironi Kiryat Shmona
[](#sprite2-p233),Hapoel Katamon Jerusalem
[](#sprite5-p405),Hapoel Kfar Saba
[](#sprite5-p400),Hapoel Ra'anana
[](#sprite1-p371),Hapoel Tel Aviv
[](#sprite7-p313),Maccabi Ahi Nazareth
[](#sprite1-p359),Maccabi Haifa
[](#sprite5-p128),Maccabi Ironi Ashdod
[](#sprite4-p419),Maccabi Netanya
[](#sprite5-p404),Maccabi Petah Tikva
[](#sprite1-p338),Maccabi Tel Aviv
[](#sprite2-p175),Athlone Town
[](#sprite1-p386),Bohemians
[](#sprite1-p376),Bray Wanderers
[](#sprite4-p449),Cabinteely FC
[](#sprite4-p178),Cobh Ramblers
[](#sprite1-p234),Cork City
[](#sprite2-p385),Drogheda United
[](#sprite2-p143),Dundalk
[](#sprite2-p116),Finn Harps
[](#sprite1-p447),Galway United
[](#sprite1-p415),Limerick
[](#sprite4-p441),Longford Town
[](#sprite1-p242),Shamrock Rovers
[](#sprite1-p409),Shelbourne
[](#sprite1-p358),Sligo Rovers
[](#sprite1-p384),St. Patrick's Athletic
[](#sprite2-p206),UCD
[](#sprite2-p284),Waterford FC
[](#sprite4-p291),Wexford Youths
[](#sprite1-p197),Dinamo Zagreb
[](#sprite1-p184),Hajduk Split
[](#sprite8-p168),HNK Cibalia
[](#sprite5-p223),Inter Zapre≈°iƒá
[](#sprite5-p222),Istra 1961
[](#sprite4-p220),Lokomotiva
[](#sprite2-p178),NK Osijek
[](#sprite8-p456),NK Rudar Labin
[](#sprite8-p443),NK Rude≈°
[](#sprite2-p121),Rijeka
[](#sprite5-p221),RNK Split
[](#sprite5-p224),Slaven Belupo
[](#sprite4-p240),Zadar
[](#sprite5-p225),Zagreb
[](#sprite2-p464),Ban√≠k Ostrava
[](#sprite5-p232),Bohemians 1905
[](#sprite3-p17),Dukla Praha
[](#sprite8-p197),Hradec Kr√°lov√©
[](#sprite5-p91),Jablonec
[](#sprite4-p232),MFK Fr√Ωdek-M√≠stek
[](#sprite8-p199),MFK Karvin√°
[](#sprite5-p226),Mlad√° Boleslav
[](#sprite5-p231),P≈ô√≠bram
[](#sprite2-p381),Sigma Olomouc
[](#sprite2-p21),Slavia Praha
[](#sprite5-p227),Slov√°cko
[](#sprite5-p159),Slovan Liberec
[](#sprite1-p490),Sparta Praha
[](#sprite5-p230),Teplice
[](#sprite2-p214),Viktoria Plze≈à
[](#sprite4-p61),Viktoria ≈Ωi≈ækov
[](#sprite4-p463),Vysoƒçina Jihlava
[](#sprite5-p228),Zbrojovka Brno
[](#sprite5-p229),Zlin
[](#sprite8-p177),Baƒçka Baƒçka Palanka
[](#sprite5-p313),Borac ƒåaƒçak
[](#sprite1-p165),Crvena Zvezda
[](#sprite5-p64),ƒåukariƒçki
[](#sprite8-p370),FK Morava Velika Plana
[](#sprite5-p307),Jagodina
[](#sprite5-p314),Javor Ivanjica
[](#sprite5-p311),Metalac Gornji Milanovac
[](#sprite5-p309),Mladost Luƒçani
[](#sprite8-p178),Napredak Kru≈°evac
[](#sprite5-p308),Novi Pazar
[](#sprite4-p81),OFK Beograd
[](#sprite1-p215),Partizan
[](#sprite5-p312),Rad
[](#sprite4-p428),Radniƒçki Ni≈°
[](#sprite5-p306),Radnik Surdulica
[](#sprite5-p305),Spartak Subotica
[](#sprite2-p193),Vojvodina
[](#sprite5-p310),Vo≈ædovac
[](#sprite1-p283),Aalborg BK
[](#sprite1-p244),Aarhus GF
[](#sprite2-p137),AC Horsens
[](#sprite4-p453),Akademisk Boldklub
[](#sprite1-p182),Br√∏ndby IF
[](#sprite4-p467),Br√∏nsh√∏j BK
[](#sprite1-p401),Esbjerg fB
[](#sprite7-p220),FC Fredericia
[](#sprite8-p437),FC Helsing√∏r
[](#sprite1-p113),FC Copenhagen
[](#sprite1-p484),FC Midtjylland
[](#sprite1-p485),FC Nordsj√¶lland
[](#sprite5-p177),FC Roskilde
[](#sprite2-p166),Frem
[](#sprite8-p363),Fremad Amager
[](#sprite5-p9),Gladsaxe-Hero
[](#sprite4-p59),HB K√∏ge
[](#sprite5-p80),Hellerup IK
[](#sprite4-p276),Hobro IK
[](#sprite7-p88),Holbaek
[](#sprite2-p16),Lyngby Boldklub
[](#sprite7-p212),Nyk√∏bing FC
[](#sprite1-p352),Odense Boldklub
[](#sprite2-p18),Randers FC
[](#sprite2-p119),Silkeborg IF
[](#sprite4-p481),Skive IK
[](#sprite4-p261),S√∏nderjyskE
[](#sprite7-p97),Vejle Boldklub
[](#sprite8-p328),Vendsyssel FF
[](#sprite4-p381),Viborg FF
[](#sprite2-p276),Borac Banja Luka
[](#sprite2-p317),ƒåelik Zenica
[](#sprite4-p357),FK Olimpic Sarajevo
[](#sprite8-p341),FK Radniƒçki
[](#sprite2-p466),FK Sarajevo
[](#sprite2-p487),H≈†K Zrinjski Mostar
[](#sprite4-p173),Jedinstvo Bihaƒá
[](#sprite4-p290),NK Podgrmeƒç
[](#sprite5-p377),Radnik Bijeljina
[](#sprite4-p45),Rekreativo Banja Luka
[](#sprite5-p376),≈†iroki Brijeg
[](#sprite5-p375),Slavija Sarajevo
[](#sprite4-p392),Sloboda Tuzla
[](#sprite2-p1),Vele≈æ Mostar
[](#sprite1-p380),≈Ωeljezniƒçar Sarajevo
[](#sprite4-p156),Admira Wacker
[](#sprite8-p352),Austria Klagenfurt
[](#sprite2-p109),Austria Salzburg
[](#sprite1-p364),Austria Wien
[](#sprite4-p83),Blau-Wei√ü Linz
[](#sprite4-p443),FC Liefering
[](#sprite2-p156),FC Wacker Innsbruck
[](#sprite2-p452),First Vienna
[](#sprite8-p483),Grazer AK
[](#sprite4-p324),LASK
[](#sprite1-p193),Rapid Wien
[](#sprite1-p455),RB Salzburg
[](#sprite5-p90),Rheindorf Altach
[](#sprite8-p190),St. P√∂lten
[](#sprite1-p259),Sturm Graz
[](#sprite5-p292),SV Gr√∂dig
[](#sprite5-p293),SV Mattersburg
[](#sprite4-p166),SV Ried
[](#sprite4-p430),Wiener SK
[](#sprite5-p294),Wolfsberger AC
[](#sprite7-p120),Encamp
[](#sprite5-p11),FC Santa Coloma
[](#sprite7-p117),Lusitanos
[](#sprite7-p118),Sant Juli√†
[](#sprite7-p119),UE Santa Coloma
[](#sprite5-p361),Alashkert
[](#sprite5-p360),Ararat Yerevan
[](#sprite5-p421),Banants
[](#sprite5-p423),Gandzasar Kapan
[](#sprite5-p422),Mika
[](#sprite5-p424),Pyunik
[](#sprite4-p252),Shirak
[](#sprite5-p359),Ulisses
[](#sprite5-p407),AZAL PFK
[](#sprite4-p146),FK ≈ûahdaƒü Qusar
[](#sprite5-p412),ƒ∞nter Bakƒ±
[](#sprite5-p411),K…ôp…ôz
[](#sprite5-p410),Neft√ßi
[](#sprite4-p342),Qarabaƒü
[](#sprite5-p160),Q…ôb…ôl…ô
[](#sprite5-p406),R…ôvan FC
[](#sprite5-p408),Sumqayit
[](#sprite5-p409),X…ôz…ôr L…ônk…ôran
[](#sprite5-p413),Zir…ô
[](#sprite4-p43),BATE
[](#sprite5-p364),Belshina Bobruisk
[](#sprite5-p366),Dinamo Brest
[](#sprite5-p243),Dinamo Minsk
[](#sprite8-p422),Dnepr Mogilev
[](#sprite5-p367),FC Gomel
[](#sprite5-p432),FC Minsk
[](#sprite5-p425),FC Vitebsk
[](#sprite8-p8),Gorodeya
[](#sprite5-p430),Granit Mikashevichi
[](#sprite8-p6),Isloch
[](#sprite8-p7),Krumkachy
[](#sprite5-p429),Naftan Novopolotsk
[](#sprite5-p428),Neman Grodno
[](#sprite5-p365),Shakhtyor Soligorsk
[](#sprite5-p427),Slavia-Mozyr
[](#sprite5-p426),Slutsk
[](#sprite5-p431),Torpedo-BelAZ Zhodino
[](#sprite2-p276),Borac Banja Luka
[](#sprite2-p317),ƒåelik Zenica
[](#sprite4-p357),FK Olimpic Sarajevo
[](#sprite8-p341),FK Radniƒçki
[](#sprite2-p466),FK Sarajevo
[](#sprite2-p487),H≈†K Zrinjski Mostar
[](#sprite4-p173),Jedinstvo Bihaƒá
[](#sprite4-p290),NK Podgrmeƒç
[](#sprite5-p377),Radnik Bijeljina
[](#sprite4-p45),Rekreativo Banja Luka
[](#sprite5-p376),≈†iroki Brijeg
[](#sprite5-p375),Slavija Sarajevo
[](#sprite4-p392),Sloboda Tuzla
[](#sprite2-p1),Vele≈æ Mostar
[](#sprite1-p380),≈Ωeljezniƒçar Sarajevo
[](#sprite4-p300),Beroe
[](#sprite2-p80),Botev Plovdiv
[](#sprite7-p68),Botev Vratsa
[](#sprite5-p30),Cherno More Varna
[](#sprite2-p328),Chernomorets Burgas
[](#sprite1-p405),CSKA Sofia
[](#sprite8-p425),Dunav 2010
[](#sprite8-p495),Etar Veliko Tarnovo
[](#sprite1-p406),Levski Sofia
[](#sprite4-p450),Litex Lovech
[](#sprite4-p368),Lokomotiv Plovdiv
[](#sprite2-p486),Ludogorets
[](#sprite7-p25),Montana
[](#sprite5-p373),Pirin Blagoevgrad
[](#sprite5-p374),Slavia Sofia
[](#sprite4-p135),AEK Larnaca
[](#sprite5-p379),AEL Limassol
[](#sprite2-p142),Anorthosis Famagusta
[](#sprite1-p289),APOEL
[](#sprite5-p378),Apollon Limassol
[](#sprite5-p416),Aris Limassol
[](#sprite5-p415),Ayia Napa
[](#sprite5-p418),Doxa Katokopia
[](#sprite5-p419),Enosis Neon Paralimni
[](#sprite5-p417),Ermis Aradippou
[](#sprite5-p420),Ethnikos Achnas
[](#sprite5-p414),Nea Salamis Famagusta
[](#sprite2-p280),Omonoia Nicosia
[](#sprite5-p161),Pafos FC
[](#sprite5-p392),Flora
[](#sprite5-p394),Infonet
[](#sprite5-p391),Levadia Tallinn
[](#sprite5-p397),Narva Trans
[](#sprite2-p101),N√µmme Kalju
[](#sprite4-p281),Paide Linnameeskond
[](#sprite5-p396),P√§rnu Linnameeskond
[](#sprite7-p90),Rakvere JK Tarvas
[](#sprite5-p393),Sillam√§e Kalev
[](#sprite8-p346),Tallinna Kalev
[](#sprite4-p209),Tartu Tammeka
[](#sprite5-p395),Viljandi Tulevik
[](#sprite4-p230),B36 T√≥rshavn
[](#sprite8-p85),Havnar B√≥ltfelag
[](#sprite5-p40),K√ç Klaksv√≠k
[](#sprite8-p90),NS√ç Runav√≠k
[](#sprite2-p338),V√≠kingur
[](#sprite4-p376),AC Oulu
[](#sprite3-p14),Eken√§s Idrottsf√∂rening
[](#sprite2-p401),FC Haka
[](#sprite2-p33),FC Honka
[](#sprite5-p85),FC Ilves
[](#sprite2-p436),FC Inter Turku
[](#sprite4-p204),FC Lahti
[](#sprite2-p255),FC Santa Claus
[](#sprite4-p329),FC Viikingit
[](#sprite2-p356),FF Jaro
[](#sprite2-p339),HIFK
[](#sprite1-p319),HJK
[](#sprite7-p233),IFK Mariehamn
[](#sprite2-p60),JJK Jyv√§skyl√§
[](#sprite8-p99),JS Hercules
[](#sprite5-p25),KTP
[](#sprite4-p278),KuPS
[](#sprite2-p413),MyPa
[](#sprite8-p473),Orimattilan Pedot
[](#sprite7-p234),PK-35 Vantaa
[](#sprite4-p388),PS Kemi
[](#sprite4-p84),RoPS
[](#sprite4-p492),Salon Palloilijat
[](#sprite7-p235),SJK
[](#sprite8-p401),Tampere United
[](#sprite2-p277),TPS
[](#sprite2-p161),VPS
[](#sprite7-p135),Bregalnica ≈†tip
[](#sprite8-p98),FK Osogovo
[](#sprite8-p218),FK Pelister
[](#sprite5-p369),Horizont Turnovo
[](#sprite5-p368),Metalurg Skopje
[](#sprite7-p136),Mladost Carev Dvor
[](#sprite5-p350),Rabotniƒçki
[](#sprite5-p349),Renova
[](#sprite5-p348),Shk√´ndija
[](#sprite7-p134),Shkupi
[](#sprite7-p133),Sileks
[](#sprite2-p337),Vardar
[](#sprite7-p123),Chikhura Sachkhere
[](#sprite5-p363),Dila Gori
[](#sprite7-p124),Dinamo Batumi
[](#sprite2-p140),Dinamo Tbilisi
[](#sprite7-p129),FC Saburtalo
[](#sprite5-p357),FC Tskhinvali
[](#sprite5-p356),Guria Lanchkhuti
[](#sprite7-p127),Kolkheti-1913 Poti
[](#sprite7-p125),Locomotive Tbilisi
[](#sprite8-p498),Metalurgi Rustavi
[](#sprite5-p362),Samtredia
[](#sprite7-p122),Shukura Kobuleti
[](#sprite5-p358),Sioni Bolnisi
[](#sprite7-p121),Torpedo Kutaisi
[](#sprite7-p128),Zugdidi
[](#sprite8-p87),Europa FC
[](#sprite8-p82),Lincoln Red Imps
[](#sprite8-p427),St Joseph's
[](#sprite4-p222),Guernsey FC
[](#sprite8-p441),Balmaz√∫jv√°rosi FC
[](#sprite5-p265),B√©k√©scsaba 1912 El≈ëre SE
[](#sprite2-p305),Debrecen
[](#sprite4-p216),Di√≥sgy≈ër
[](#sprite2-p146),Ferencv√°ros
[](#sprite8-p169),Gyirm√≥t FC Gy≈ër
[](#sprite4-p40),Gy≈ër
[](#sprite2-p396),Honv√©d
[](#sprite2-p282),Kaposv√°r
[](#sprite8-p170),Mez≈ëk√∂vesd-Zs√≥ry SE
[](#sprite2-p213),MTK Budapest
[](#sprite5-p264),Paksi SE
[](#sprite5-p263),Pusk√°s Akad√©mia
[](#sprite8-p364),Soproni VSE
[](#sprite5-p262),Szombathelyi Halad√°s
[](#sprite2-p304),√öjpest
[](#sprite5-p266),Vasas
[](#sprite2-p128),Videoton
[](#sprite4-p386),Afturelding
[](#sprite2-p125),Brei√∞ablik
[](#sprite2-p7),FH
[](#sprite2-p368),Fj√∂lnir
[](#sprite2-p261),Fram Reykjav√≠k
[](#sprite2-p227),Fylkir
[](#sprite5-p141),Grindav√≠k
[](#sprite4-p371),Haukar
[](#sprite4-p374),HK
[](#sprite8-p238),Huginn Sey√∞isfj√∂r√∞ur
[](#sprite4-p330),√çA
[](#sprite4-p411),√çBV Vestmannaeyjar
[](#sprite2-p399),√ç√ær√≥ttaf√©lag Reykjav√≠kur
[](#sprite2-p219),Keflav√≠k
[](#sprite1-p449),KR
[](#sprite4-p68),KV
[](#sprite2-p53),Leiknir Reykjav√≠k
[](#sprite4-p390),Skallagr√≠mur
[](#sprite2-p115),Stjarnan
[](#sprite5-p162),UMF Selfoss
[](#sprite2-p11),Valur
[](#sprite2-p114),V√≠kingur
[](#sprite8-p258),V√≠kingur √ìlafsv√≠k
[](#sprite2-p3),√û√≥r Akureyri
[](#sprite2-p196),√ûr√≥ttur Reykjav√≠k
[](#sprite7-p10),Aktobe
[](#sprite7-p79),Akzhayik
[](#sprite3-p24),Astana
[](#sprite7-p72),Atyrau
[](#sprite7-p11),Irtysh Pavlodar
[](#sprite5-p76),Kairat
[](#sprite7-p73),Kaisar
[](#sprite7-p77),Okzhetpes
[](#sprite7-p71),Ordabasy
[](#sprite2-p450),Shakhter Karagandy
[](#sprite7-p9),Spartak Semey
[](#sprite7-p75),Taraz
[](#sprite7-p76),Tobol Kostanai
[](#sprite7-p78),Vostok Oskemen
[](#sprite7-p74),Zhetysu Taldykorgan
[](#sprite7-p395),FC Prishtina
[](#sprite8-p366),KF Feronikeli
[](#sprite7-p367),KF Gjilani
[](#sprite8-p418),KF Trep√ßa'89
[](#sprite9-p13),Liria
[](#sprite5-p455),BFC Daugavpils
[](#sprite4-p499),FK Jelgava
[](#sprite5-p458),FK LiepƒÅja
[](#sprite5-p454),FS METTA
[](#sprite8-p302),Riga FC
[](#sprite8-p303),Rƒ´gas Futbola skola
[](#sprite2-p238),Skonto FC
[](#sprite5-p456),Spartaks J≈´rmala
[](#sprite5-p457),Ventspils
[](#sprite4-p202),Vaduz
[](#sprite5-p466),Atlantas
[](#sprite2-p188),FBK Kaunas
[](#sprite5-p460),FK ≈†iauliai
[](#sprite5-p462),Klaipƒódos Granitas
[](#sprite5-p461),Kruoja Pakruojis
[](#sprite3-p29),Spyris Kaunas
[](#sprite5-p463),Stumbras Kaunas
[](#sprite5-p465),Suduva
[](#sprite5-p467),Trakai
[](#sprite5-p464),Utenis Utena
[](#sprite5-p459),≈Ωalgiris Vilnius
[](#sprite7-p112),CS Grevenmacher
[](#sprite4-p354),F91 Dudelange
[](#sprite8-p196),FC Avenir Beggen
[](#sprite7-p113),FC Differdange 03
[](#sprite7-p114),Fola Esch
[](#sprite7-p115),Jeunesse Esch
[](#sprite7-p116),Progr√®s Niederkorn
[](#sprite8-p84),Balzan FC
[](#sprite5-p84),Birkirkara
[](#sprite8-p426),Floriana
[](#sprite8-p92),Hibernians FC
[](#sprite4-p372),Marsaxlokk FC
[](#sprite5-p245),Mƒ°arr United
[](#sprite5-p37),Mosta FC
[](#sprite7-p211),Piet√† Hotspurs
[](#sprite4-p259),Sliema Wanderers
[](#sprite4-p73),Tarxien Rainbows
[](#sprite4-p151),Valletta FC
[](#sprite8-p307),Academia Chi»ôinƒÉu
[](#sprite7-p16),Dacia Chi»ôinƒÉu
[](#sprite8-p309),inamo-Auto
[](#sprite5-p94),Milsami
[](#sprite7-p13),Nistru Otaci
[](#sprite8-p308),Petrocub H√Ænce»ôti
[](#sprite8-p311),Saxan Gagauz Yeri
[](#sprite4-p395),Sheriff Tiraspol
[](#sprite8-p305),Speran»õa Nisporeni
[](#sprite8-p310),Ungheni
[](#sprite7-p12),Zaria BƒÉl»õi
[](#sprite7-p15),Zimbru Chi»ôinƒÉu
[](#sprite7-p18),Bokelj
[](#sprite7-p23),Buduƒánost Podgorica
[](#sprite7-p24),Deƒçiƒá Tuzi
[](#sprite8-p314),Grbalj
[](#sprite8-p313),Iskra Danilovgrad
[](#sprite8-p316),Jedinstvo Bijelo Polje
[](#sprite8-p315),Lovƒáen Cetinje
[](#sprite8-p160),Mladost Podgorica
[](#sprite7-p21),Mogren Budva
[](#sprite4-p92),OFK Bar
[](#sprite7-p17),Petrovac
[](#sprite7-p19),Rudar Pljevlja
[](#sprite7-p22),Sutjeska
[](#sprite7-p20),Zeta Golubovci
[](#sprite5-p297),Ballinamallard United
[](#sprite4-p347),Ballyclare Comrades
[](#sprite5-p295),Ballymena United
[](#sprite2-p379),Bangor FC
[](#sprite8-p237),Camlough Rovers
[](#sprite5-p296),Carrick Rangers
[](#sprite2-p85),Cliftonville
[](#sprite2-p334),Coleraine
[](#sprite2-p221),Crusaders
[](#sprite1-p362),Derry City
[](#sprite5-p298),Dungannon Swifts
[](#sprite5-p17),Glenavon
[](#sprite2-p35),Glentoran
[](#sprite2-p341),Larne
[](#sprite2-p132),Linfield
[](#sprite2-p133),Lisburn Distillery
[](#sprite2-p455),Portadown
[](#sprite5-p299),Warrenpoint Town
[](#sprite1-p465),Aalesunds FK
[](#sprite8-p402),Alta
[](#sprite7-p311),Asker
[](#sprite1-p423),Bod√∏/Glimt
[](#sprite7-p397),Brattv√•g IL
[](#sprite4-p458),FK Jerv
[](#sprite2-p113),Fredrikstad
[](#sprite5-p132),Frigg Oslo FK
[](#sprite7-p363),Gjeller√•sen IF
[](#sprite2-p417),HamKam
[](#sprite4-p352),Hammerfest
[](#sprite7-p362),Harstad IL
[](#sprite3-p82),Haugesund
[](#sprite8-p397),H√∏dd
[](#sprite2-p416),H√∏nefoss
[](#sprite2-p440),Start
[](#sprite7-p269),Kongsvinger
[](#sprite7-p224),Kristiansund BK
[](#sprite2-p148),Lillestr√∏m
[](#sprite9-p14),Mandalskameratene
[](#sprite5-p31),Mj√∏ndalen
[](#sprite4-p309),Mo
[](#sprite1-p381),Molde
[](#sprite4-p258),Moss
[](#sprite5-p259),Nest-Sotra
[](#sprite2-p123),Odd
[](#sprite3-p76),Ranheim Fotboll
[](#sprite3-p15),Rosenborg
[](#sprite5-p353),Sandefjord
[](#sprite2-p257),Sandnes Ulf
[](#sprite2-p326),Sandnessj√∏en IL
[](#sprite4-p210),Sarpsborg 08
[](#sprite2-p249),SFK Lyn
[](#sprite3-p3),SK Brann
[](#sprite3-p9),Skeid
[](#sprite2-p442),Sogndal
[](#sprite1-p474),Stab√¶k Fotboll
[](#sprite1-p277),Str√∏msgodset
[](#sprite4-p169),Tromsdalen UIL
[](#sprite1-p340),Troms√∏
[](#sprite1-p301),V√•lerenga Fotboll
[](#sprite9-p18),Varegg
[](#sprite1-p273),Viking
[](#sprite4-p153),Arka Gdynia
[](#sprite9-p5),B≈Çƒôkitni Stargard
[](#sprite4-p393),GKS Be≈Çchat√≥w
[](#sprite2-p168),GKS Katowice
[](#sprite8-p376),GKS Tychy
[](#sprite5-p44),G√≥rnik ≈Åƒôczna
[](#sprite2-p283),G√≥rnik Zabrze
[](#sprite2-p44),Jagiellonia Bia≈Çystok
[](#sprite2-p345),Korona Kielce
[](#sprite2-p485),KS Cracovia
[](#sprite8-p9),KS Kaszubia
[](#sprite8-p241),KS Lublinianka
[](#sprite1-p323),Lech Pozna≈Ñ
[](#sprite2-p332),Lechia Gda≈Ñsk
[](#sprite1-p230),Legia Warszawa
[](#sprite8-p336),Odra Opole
[](#sprite5-p43),Piast Gliwice
[](#sprite4-p54),Podbeskidzie
[](#sprite2-p484),Pogo≈Ñ Szczecin
[](#sprite2-p271),Polonia Warszawa
[](#sprite4-p316),Radomiak Radom
[](#sprite4-p158),Ruch Chorz√≥w
[](#sprite8-p438),Sandecja Nowy SƒÖcz
[](#sprite2-p50),≈ölƒÖsk Wroc≈Çaw
[](#sprite7-p306),≈ölƒôza Wroc≈Çaw
[](#sprite8-p104),Stal Mielec
[](#sprite5-p42),Termalica Bruk-Bet
[](#sprite8-p480),Unia Tarn√≥w
[](#sprite2-p26),Widzew ≈Å√≥d≈∫
[](#sprite1-p280),Wis≈Ça Krak√≥w
[](#sprite8-p166),Wis≈Ça P≈Çock
[](#sprite2-p410),Zag≈Çƒôbie Lubin
[](#sprite4-p207),Zawisza Bydgoszcz
[](#sprite8-p93),La Fiorita
[](#sprite8-p89),SS Folgore Falciano Calcio
[](#sprite8-p83),Tre Penne
[](#sprite5-p449),AS Trenƒç√≠n
[](#sprite5-p446),DAC Dunajsk√° Streda
[](#sprite8-p485),FC ≈†TK 1914 ≈†amor√≠n
[](#sprite5-p445),MFK Ru≈æomberok
[](#sprite5-p451),MFK Skalica
[](#sprite5-p452),MFK Zempl√≠n Michalovce
[](#sprite8-p358),M≈†K Tesla Stropkov
[](#sprite5-p92),M≈†K ≈Ωilina
[](#sprite8-p283),Nitra
[](#sprite5-p444),Senica
[](#sprite2-p102),Slovan Bratislava
[](#sprite5-p447),Spartak Myjava
[](#sprite5-p448),Spartak Trnava
[](#sprite5-p453),ViOn Zlat√© Moravce
[](#sprite5-p450),≈ΩP ≈†port Podbrezov√°
[](#sprite8-p174),Aluminij
[](#sprite8-p449),Ankaran Hrvatini
[](#sprite5-p442),Celje
[](#sprite4-p57),Dom≈æale
[](#sprite5-p440),Gorica
[](#sprite5-p443),Koper
[](#sprite5-p437),Krka
[](#sprite5-p441),Krsko
[](#sprite1-p411),Maribor
[](#sprite2-p77),Olimpija Ljubljana
[](#sprite8-p173),Radomlje
[](#sprite5-p438),Rudar Velenje
[](#sprite4-p176),Triglav Kranj
[](#sprite5-p439),Zavrƒç
[](#sprite1-p388),FC Edmonton
[](#sprite2-p46),FC London
[](#sprite4-p164),K-W United FC
[](#sprite1-p96),Montreal Impact
[](#sprite1-p494),Ottawa Fury
[](#sprite1-p53),Toronto
[](#sprite1-p56),Vancouver Whitecaps
[](#sprite7-p217),Victoria Highlanders
[](#sprite8-p347),WSA Winnipeg
[](#sprite2-p365),AC Connecticut
[](#sprite5-p2),AFC Ann Arbor
[](#sprite4-p212),AFC Cleveland
[](#sprite7-p241),Albion SC
[](#sprite8-p165),Albuquerque Sol
[](#sprite8-p324),Asheville City SC
[](#sprite1-p153),Atlanta Silverbacks
[](#sprite5-p34),Atlanta United FC
[](#sprite1-p235),Austin Aztex
[](#sprite1-p496),Baltimore Bohemians
[](#sprite7-p225),Bethlehem Steel FC
[](#sprite5-p82),Birmingham Hammers
[](#sprite4-p237),Boston Breakers
[](#sprite7-p426),Boston City FC
[](#sprite8-p361),Brazos Valley Cavalry FC
[](#sprite4-p498),Brooklyn Italians
[](#sprite1-p249),Charleston Battery
[](#sprite1-p478),Charlotte Eagles
[](#sprite4-p447),Charlotte Independence
[](#sprite1-p399),Chattanooga FC
[](#sprite1-p50),Chicago Fire
[](#sprite5-p8),Chicago Red Stars
[](#sprite4-p260),Cincinnati Dutch Lions
[](#sprite1-p93),Colorado Rapids
[](#sprite5-p6),Colorado Springs Switchbacks FC
[](#sprite1-p48),Columbus Crew SC
[](#sprite1-p436),Dayton Dutch Lions
[](#sprite7-p202),Dayton Dynamo
[](#sprite1-p41),DC United
[](#sprite2-p259),Derby City Rovers
[](#sprite1-p462),Des Moines Menace
[](#sprite1-p82),Detroit City FC
[](#sprite7-p130),Erie Commodores FC
[](#sprite4-p219),FC Bordo
[](#sprite1-p350),FC Buffalo
[](#sprite5-p126),FC Cincinnati
[](#sprite1-p69),FC Dallas
[](#sprite4-p455),FC Kansas City
[](#sprite4-p306),FC LVU Sonic
[](#sprite4-p462),FC Tacoma 253
[](#sprite1-p488),FC Tucson
[](#sprite1-p287),Fort Lauderdale Strikers
[](#sprite4-p319),Fort Pitt Regiment
[](#sprite4-p318),Fort Worth Vaqueros
[](#sprite4-p435),Fredericksburg FC
[](#sprite2-p220),Fresno FC
[](#sprite4-p409),Grand Rapids FC
[](#sprite8-p454),Hartford City FC
[](#sprite4-p228),Houston Dash
[](#sprite1-p45),Houston Dynamo
[](#sprite1-p194),Indy Eleven
[](#sprite2-p500),Jacksonville Armada FC
[](#sprite7-p325),Kingston Stockade FC
[](#sprite8-p262),Kitsap Pumas
[](#sprite2-p258),Knoxville Force
[](#sprite1-p28),LA Galaxy
[](#sprite5-p123),Lane United FC
[](#sprite4-p323),Lansing United
[](#sprite8-p464),Las Vegas Lights FC
[](#sprite4-p327),Las Vegas Mobsters
[](#sprite7-p229),Little Rock Rangers
[](#sprite5-p48),Los Angeles FC
[](#sprite4-p218),Louisville City
[](#sprite1-p400),Madison 56ers
[](#sprite7-p221),Memphis City FC
[](#sprite5-p124),Miami FC
[](#sprite5-p18),Miami United
[](#sprite4-p310),Milwaukee Bavarians
[](#sprite5-p26),Milwaukee Torrent
[](#sprite8-p301),Minneapolis City SC
[](#sprite8-p450),Minnesota TwinStars
[](#sprite1-p89),Minnesota United
[](#sprite8-p396),Mississippi Brilla
[](#sprite1-p461),Nashville SC
[](#sprite1-p55),New England Revolution
[](#sprite4-p303),New Orleans Jesters
[](#sprite1-p499),New York City FC
[](#sprite1-p172),New York Cosmos
[](#sprite1-p34),New York Red Bulls
[](#sprite8-p371),North Carolina Courage
[](#sprite1-p204),North Carolina FC
[](#sprite1-p497),Oklahoma City Energy FC
[](#sprite2-p174),Oklahoma City FC
[](#sprite5-p49),Orange County SC
[](#sprite1-p94),Orlando City
[](#sprite7-p256),Orlando Pride
[](#sprite9-p9),PDX FC
[](#sprite1-p477),Penn FC
[](#sprite1-p32),Philadelphia Union
[](#sprite1-p422),Phoenix Rising FC
[](#sprite1-p209),Pittsburgh Riverhounds
[](#sprite4-p285),Portland Thorns
[](#sprite1-p20),Portland Timbers
[](#sprite4-p44),Puget Sound Gunners FC
[](#sprite4-p88),Quad City Eagles
[](#sprite7-p218),Rayo OKC
[](#sprite1-p77),Real Salt Lake
[](#sprite7-p425),Reno 1868 FC
[](#sprite8-p353),Rhode Island Reds
[](#sprite1-p348),Richmond Kickers
[](#sprite7-p308),Rio Grande Valley FC Toros
[](#sprite1-p349),Rochester Rhinos
[](#sprite5-p50),Sacramento Gold
[](#sprite1-p424),Sacramento Republic FC
[](#sprite4-p217),Saint Louis FC
[](#sprite7-p209),San Antonio FC
[](#sprite8-p467),San Diego 1904 FC
[](#sprite3-p18),San Diego Flash
[](#sprite7-p243),San Diego WFC SeaLions
[](#sprite7-p322),San Diego Zest FC
[](#sprite4-p494),San Francisco City FC
[](#sprite8-p150),San Francisco Deltas
[](#sprite1-p54),San Jose Earthquakes
[](#sprite4-p236),Seattle Reign FC
[](#sprite1-p14),Seattle Sounders
[](#sprite7-p323),Shreveport Rafters FC
[](#sprite8-p400),Sioux Falls Thunder FC
[](#sprite5-p51),Sky Blue FC
[](#sprite7-p219),SoCal Surf
[](#sprite1-p31),Sporting Kansas City
[](#sprite3-p1),Tampa Bay Rowdies
[](#sprite7-p428),Temecula FC
[](#sprite7-p253),Tobacco Road FC
[](#sprite1-p483),Tulsa Athletics
[](#sprite4-p378),Tulsa Roughnecks FC
[](#sprite8-p381),Ventura County Fusion
[](#sprite4-p231),Vermont Voltage
[](#sprite7-p199),Virginia Beach City FC
[](#sprite2-p456),Washington Spirit
[](#sprite7-p95),Western Mass Pioneers
[](#sprite2-p32),Western New York Flash
[](#sprite1-p437),Wilmington Hammerheads
[](#sprite5-p249),Alebrijes de Oaxaca
[](#sprite1-p61),Am√©rica
[](#sprite2-p189),Atlante
[](#sprite1-p272),Atlas
[](#sprite5-p38),Atl√©tico de San Luis
[](#sprite5-p251),Celaya
[](#sprite4-p179),Chiapas
[](#sprite1-p47),Guadalajara
[](#sprite5-p254),Cimarrones de Sonora
[](#sprite4-p370),Coras Tepic
[](#sprite2-p498),Correcaminos UAT
[](#sprite1-p111),Cruz Azul
[](#sprite4-p4),Dorados
[](#sprite5-p155),Ju√°rez
[](#sprite1-p372),Le√≥n
[](#sprite2-p268),Leones Negros
[](#sprite5-p248),Lobos BUAP
[](#sprite8-p172),Loros de la Universidad de Colima
[](#sprite4-p321),Mineros de Zacatecas
[](#sprite1-p257),Monarcas Morelia
[](#sprite1-p161),Monterrey
[](#sprite5-p252),Murci√©lagos
[](#sprite2-p490),Necaxa
[](#sprite2-p56),Pachuca
[](#sprite8-p171),Potros UAEM
[](#sprite2-p92),Puebla
[](#sprite1-p137),Pumas
[](#sprite2-p65),Quer√©taro
[](#sprite1-p214),Santos Laguna
[](#sprite4-p60),Tampico Madero
[](#sprite5-p255),Tapachula
[](#sprite2-p110),Veracruz
[](#sprite1-p173),Tigres UANL
[](#sprite1-p150),Tijuana
[](#sprite1-p322),Toluca
[](#sprite5-p253),Venados
[](#sprite5-p250),Zacatepec
[](#sprite5-p114),Aldosivi
[](#sprite2-p420),All Boys
[](#sprite8-p17),Almagro
[](#sprite2-p275),Argentinos Juniors
[](#sprite2-p177),Arsenal de Sarandi
[](#sprite5-p113),Atl√©tico de Rafaela
[](#sprite8-p26),Atl√©tico Paran√°
[](#sprite7-p193),Atl√©tico Tucum√°n
[](#sprite4-p87),Banfield
[](#sprite4-p16),Belgrano
[](#sprite1-p95),Boca Juniors
[](#sprite7-p453),Boca Unidos
[](#sprite8-p295),Brown
[](#sprite8-p27),Central C√≥rdoba
[](#sprite7-p457),Chacarita Juniors
[](#sprite2-p263),Col√≥n
[](#sprite5-p29),Crucero del Norte
[](#sprite5-p119),Defensa y Justicia
[](#sprite2-p358),Deportivo Mor√≥n
[](#sprite4-p294),Deportivo Roca
[](#sprite7-p455),Douglas Haig
[](#sprite2-p154),Estudiantes de la Plata
[](#sprite8-p134),Excursionistas
[](#sprite4-p90),Ferro Carril Oeste
[](#sprite8-p294),Flandria
[](#sprite4-p297),Gimnasia de la Plata
[](#sprite5-p20),Godoy Cruz
[](#sprite7-p454),Guillermo Brown
[](#sprite2-p86),Hurac√°n
[](#sprite1-p425),Atlético Independiente
[](#sprite5-p32),Independiente Rivadavia
[](#sprite4-p415),Instituto ACC
[](#sprite8-p299),Juventud Unida
[](#sprite8-p24),Juventud Unida Universitario
[](#sprite2-p444),Atlético Lan√∫s
[](#sprite8-p16),Los Andes
[](#sprite1-p441),Newell's Old Boys
[](#sprite5-p118),Nueva Chicago
[](#sprite2-p195),Olimpo
[](#sprite7-p192),Patronato
[](#sprite2-p253),Platense
[](#sprite4-p162),Quilmes
[](#sprite1-p402),Racing Club de Avellanada
[](#sprite1-p110),River Plate
[](#sprite2-p467),Rosario Central
[](#sprite1-p446),San Lorenzo
[](#sprite7-p194),San Mart√≠n de San Juan
[](#sprite8-p297),San Mart√≠n de Tucum√°n
[](#sprite8-p25),Santamarina
[](#sprite5-p117),Sarmiento
[](#sprite8-p18),Sportivo Estudiantes
[](#sprite7-p456),Talleres de C√≥rdoba
[](#sprite5-p116),Temperley
[](#sprite2-p229),Tigre
[](#sprite5-p115),Uni√≥n de Santa Fe
[](#sprite1-p403),Atlético V√©lez Sarsfield
[](#sprite7-p223),Villa D√°lmine
[](#sprite5-p499),Blooming
[](#sprite2-p481),Bol√≠var
[](#sprite7-p3),Cicl√≥n
[](#sprite8-p478),Club Aurora
[](#sprite3-p22),Club Jorge Wilstermann
[](#sprite8-p223),Guabir√°
[](#sprite7-p6),Nacional Potos√≠
[](#sprite2-p445),Oriente Petrolero
[](#sprite7-p5),Petrolero
[](#sprite5-p500),Real Potos√≠
[](#sprite7-p310),Real Santa Cruz
[](#sprite5-p433),San Jos√©
[](#sprite7-p2),Sports Boys Warnes
[](#sprite1-p377),The Strongest
[](#sprite7-p4),Universitario de Pando
[](#sprite7-p1),Universitario de Sucre
[](#sprite4-p356),ABC
[](#sprite8-p236),Agremia√ß√£o Sportiva Arapiraquense
[](#sprite8-p329),√Ågua Santa
[](#sprite7-p188),Alecrim
[](#sprite4-p148),Am√©rica
[](#sprite8-p499),Am√©rica-PE
[](#sprite7-p442),Atl√©tico Goianiense
[](#sprite1-p201),Atl√©tico Mineiro
[](#sprite1-p443),Atl√©tico Paranaense
[](#sprite7-p247),Audax
[](#sprite2-p373),Ava√≠
[](#sprite2-p480),Bahia
[](#sprite8-p423),Boa Esporte
[](#sprite1-p261),Botafogo
[](#sprite8-p162),Botafogo-PB
[](#sprite7-p443),Bragantino
[](#sprite9-p6),B√∫zios
[](#sprite5-p46),Caldense
[](#sprite4-p437),Caxias
[](#sprite4-p346),Cear√°
[](#sprite4-p397),Chapecoense
[](#sprite1-p90),Corinthians
[](#sprite2-p81),Coritiba
[](#sprite4-p420),CRB
[](#sprite3-p10),Crici√∫ma
[](#sprite1-p196),Cruzeiro
[](#sprite9-p8),CSA
[](#sprite8-p250),Cuiab√°
[](#sprite8-p384),Duque de Caxias
[](#sprite8-p496),Ferrovi√°ria
[](#sprite4-p159),Figueirense
[](#sprite1-p100),Flamengo
[](#sprite1-p228),Fluminense
[](#sprite5-p7),Fortaleza
[](#sprite2-p340),Goi√°s
[](#sprite8-p339),Goytacaz
[](#sprite1-p130),Gr√™mio
[](#sprite5-p71),Gr√™mio Esportivo Brasil
[](#sprite2-p468),Guarani
[](#sprite8-p156),Inter de Lages
[](#sprite1-p190),Internacional
[](#sprite4-p398),Joinville
[](#sprite4-p238),Juventude
[](#sprite5-p137),Juventus
[](#sprite4-p471),Londrina
[](#sprite7-p447),Luverdense
[](#sprite8-p342),Nacional Atl√©tico Clube
[](#sprite2-p19),N√°utico
[](#sprite7-p441),Oeste
[](#sprite9-p12),Oper√°rio
[](#sprite1-p142),Palmeiras
[](#sprite2-p370),Paran√° Clube
[](#sprite4-p460),Paysandu
[](#sprite7-p67),Pelotas
[](#sprite5-p120),Ponte Preta
[](#sprite8-p444),Portuguesa
[](#sprite7-p213),Red Bull Brasil
[](#sprite4-p242),Remo
[](#sprite8-p393),Rio Negro
[](#sprite7-p444),Sampaio Corr√™a
[](#sprite4-p434),Santa Cruz
[](#sprite7-p250),Santo Andr√©
[](#sprite1-p187),Santos
[](#sprite8-p470),S√£o Caetano
[](#sprite1-p101),S√£o Paulo
[](#sprite4-p286),Sousa
[](#sprite1-p421),Sport Recife
[](#sprite8-p355),Treze
[](#sprite7-p203),Tupi
[](#sprite1-p265),Vasco da Gama
[](#sprite2-p232),Vila Nova
[](#sprite5-p380),Audax Italiano
[](#sprite4-p1),Cobreloa
[](#sprite7-p204),Cobresal
[](#sprite1-p243),Colo-Colo
[](#sprite8-p167),Curic√≥ Unido
[](#sprite8-p209),Antofagasta
[](#sprite7-p255),Deportes Iquique
[](#sprite8-p215),Deportes Temuco
[](#sprite8-p300),Deportes Valdivia
[](#sprite2-p49),Everton de Viña del Mar
[](#sprite4-p77),Huachipato
[](#sprite2-p425),O'Higgins
[](#sprite5-p382),Deportivo Palestino
[](#sprite8-p193),San Luis de Quillota
[](#sprite5-p381),San Marcos de Arica
[](#sprite8-p175),Santiago Morning
[](#sprite2-p446),Santiago Wanderers
[](#sprite2-p463),Uni√≥n Espa√±ola
[](#sprite8-p161),Uni√≥n San Felipe
[](#sprite1-p431),Universidad Cat√≥lica
[](#sprite1-p188),Universidad de Chile
[](#sprite5-p383),Universidad de Concepci√≥n
[](#sprite5-p133),√Åguilas Doradas
[](#sprite4-p402),Alianza Petrolera
[](#sprite1-p396),Am√©rica de Cali
[](#sprite2-p100),Atl√©tico Bucaramanga
[](#sprite5-p270),Atl√©tico Huila
[](#sprite1-p232),Atl√©tico Nacional
[](#sprite8-p264),Barranquilla
[](#sprite5-p269),Boyac√° Chic√≥
[](#sprite5-p268),Cortulu√°
[](#sprite4-p69),C√∫cuta Deportivo
[](#sprite4-p426),Deportes Quindio
[](#sprite2-p329),Deportes Tolima
[](#sprite1-p426),Deportivo Cali
[](#sprite5-p272),Deportivo Pasto
[](#sprite4-p349),Deportivo Pereira
[](#sprite4-p273),Envigado
[](#sprite8-p138),Fortaleza CEIF
[](#sprite2-p247),Independiente Medell√≠n
[](#sprite5-p134),Jaguares de C√≥rdoba
[](#sprite2-p2),Junior
[](#sprite5-p271),La Equidad
[](#sprite1-p251),Millonarios
[](#sprite2-p348),Once Caldas
[](#sprite5-p267),Patriotas
[](#sprite2-p47),Santa Fe
[](#sprite8-p436),Tigres
[](#sprite5-p135),Uniaut√≥noma
[](#sprite8-p288),Valledupar
[](#sprite5-p323),Aucas
[](#sprite1-p325),Barcelona Sporting Club
[](#sprite8-p405),Clan Juvenil
[](#sprite8-p15),Delf√≠n
[](#sprite4-p465),Deportivo Cuenca
[](#sprite4-p75),Deportivo Quito
[](#sprite4-p86),El Nacional
[](#sprite2-p10),Emelec
[](#sprite8-p80),Fuerza Amarilla
[](#sprite5-p319),Independiente del Valle
[](#sprite5-p324),Liga de Loja
[](#sprite1-p295),Liga de Quito
[](#sprite8-p421),Macar√°
[](#sprite4-p266),Manta FC
[](#sprite5-p322),Mushuc Runa
[](#sprite5-p321),River Ecuador
[](#sprite5-p320),Universidad Cat√≥lica
[](#sprite2-p228),Cerro Porte√±o
[](#sprite7-p26),Club Rubio √ëu
[](#sprite7-p30),Deportivo Capiat√°
[](#sprite7-p29),Deportivo Santan√≠
[](#sprite7-p28),General D√≠az
[](#sprite7-p33),Guaran√≠
[](#sprite4-p63),Libertad
[](#sprite4-p141),Club Nacional
[](#sprite1-p326),Olimpia
[](#sprite7-p31),San Lorenzo
[](#sprite7-p32),Sol de Am√©rica
[](#sprite7-p27),Sportivo Luque√±o
[](#sprite8-p406),Academia Deportiva Cantolao
[](#sprite5-p486),Alianza Atl√©tico
[](#sprite1-p341),Alianza Lima
[](#sprite5-p495),Ayacucho
[](#sprite2-p270),Cienciano
[](#sprite8-p74),Comerciantes Unidos
[](#sprite8-p97),Defensor La Bocana
[](#sprite5-p492),Deportivo Municipal
[](#sprite2-p25),Deportivo Wanka
[](#sprite5-p488),Juan Aurich
[](#sprite5-p496),Le√≥n de Hu√°nuco
[](#sprite5-p493),Melgar
[](#sprite5-p491),Real Garcilaso
[](#sprite5-p487),Sport Huancayo
[](#sprite5-p497),Sport Loreto
[](#sprite8-p420),Sport Rosario
[](#sprite1-p417),Sporting Cristal
[](#sprite5-p490),Uni√≥n Comercio
[](#sprite5-p489),Universidad C√©sar Vallejo
[](#sprite5-p494),Universidad de San Mart√≠n de Porres
[](#sprite5-p498),Universidad T√©cnica de Cajamarca
[](#sprite1-p285),Universitario
[](#sprite5-p331),Atenas
[](#sprite8-p147),Boston River
[](#sprite4-p331),Cerro
[](#sprite4-p147),Danubio
[](#sprite2-p424),Defensor Sporting
[](#sprite5-p332),El Tanque Sisley
[](#sprite5-p328),F√©nix
[](#sprite5-p325),Juventud de las Piedras
[](#sprite5-p334),Liverpool FC
[](#sprite2-p462),Montevideo Wanderers
[](#sprite1-p286),Nacional
[](#sprite1-p200),Penarol
[](#sprite5-p3),Plaza Colonia
[](#sprite5-p326),Racing de Montevideo
[](#sprite5-p330),Rampla Juniors
[](#sprite5-p327),Rentistas
[](#sprite4-p78),River Plate
[](#sprite8-p28),Salus
[](#sprite5-p329),Sud Am√©rica
[](#sprite5-p333),Tacuaremb√≥
[](#sprite8-p146),Villa Espa√±ola
[](#sprite5-p335),Villa Teresa
[](#sprite7-p99),Aragua FC
[](#sprite7-p107),Atl√©tico Venezuela CF
[](#sprite7-p103),Carabobo FC
[](#sprite1-p375),Caracas FC
[](#sprite4-p338),Deportivo Anzo√°tegui
[](#sprite7-p98),Deportivo La Guaira
[](#sprite4-p144),Deportivo Lara
[](#sprite4-p143),Deportivo T√°chira
[](#sprite7-p102),Estudiantes de Caracas
[](#sprite5-p19),Estudiantes de M√©rida
[](#sprite7-p104),Llaneros EF
[](#sprite7-p110),Metropolitanos FC
[](#sprite4-p56),Mineros de Guayana
[](#sprite4-p55),Monagas SC
[](#sprite7-p109),Petare FC
[](#sprite7-p105),Portuguesa FC
[](#sprite7-p101),Trujillanos FC
[](#sprite7-p111),Tucanes de Amazonas
[](#sprite7-p108),Ure√±a SC
[](#sprite7-p100),Zamora FC
[](#sprite4-p440),Zulia FC
[](#sprite2-p144),Beijing Guoan
[](#sprite2-p291),Changchun Yatai
[](#sprite7-p198),Chongqing Lifan
[](#sprite4-p270),Dalian Yifang
[](#sprite1-p387),Guangzhou Evergrande
[](#sprite5-p87),Guangzhou R&F
[](#sprite8-p334),Guizhou Hengfeng Zhicheng
[](#sprite4-p28),Guizhou Renhe
[](#sprite7-p196),Hebei China Fortune
[](#sprite4-p27),Henan Jianye
[](#sprite2-p70),Jiangsu Suning
[](#sprite7-p195),Liaoning Whowin
[](#sprite4-p29),Luneng Taishan
[](#sprite4-p103),Qingdao Jonoon
[](#sprite2-p29),Shanghai Greenland Shenhua
[](#sprite2-p387),Shanghai Shenxin
[](#sprite7-p80),Shanghai SIPG
[](#sprite4-p104),Shenzhen
[](#sprite7-p197),Shijiazhuang Ever Bright
[](#sprite8-p333),Tianjin Quanjian
[](#sprite4-p105),Tianjin Teda
[](#sprite4-p149),Wuhan Zall
[](#sprite4-p480),Yanbian Funde
[](#sprite2-p210),Zhejiang Greentown
[](#sprite3-p21),Air India FC
[](#sprite7-p329),Aizawl
[](#sprite4-p358),ATK
[](#sprite1-p495),Bengaluru FC
[](#sprite8-p331),Chennai City
[](#sprite4-p359),Chennaiyin FC
[](#sprite4-p116),Churchill Brothers
[](#sprite1-p140),Delhi Dynamos
[](#sprite4-p117),Dempo SC
[](#sprite8-p330),DSK Shivajians
[](#sprite2-p62),East Bengal Club
[](#sprite8-p373),Fateh Hyderabad
[](#sprite4-p360),FC Goa
[](#sprite4-p361),FC Pune City
[](#sprite2-p300),HAL
[](#sprite4-p118),Indian Arrows
[](#sprite8-p461),Jamshedpur FC
[](#sprite4-p362),Kerala Blasters
[](#sprite8-p332),Minerva Punjab
[](#sprite4-p53),Mohammedan SC
[](#sprite1-p454),Mohun Bagan
[](#sprite4-p363),Mumbai City
[](#sprite2-p73),Mumbai FC
[](#sprite4-p364),NorthEast United
[](#sprite2-p145),Pune FC
[](#sprite5-p140),Royal Wahingdoh FC
[](#sprite2-p301),Salgaocar
[](#sprite2-p378),SC Goa
[](#sprite2-p207),Shillong Lajong
[](#sprite4-p35),United SC
[](#sprite2-p274),Vasco SC
[](#sprite2-p36),Esteghlal
[](#sprite5-p238),Foolad
[](#sprite7-p304),Gostaresh
[](#sprite7-p301),Malavan Bandar Anzali
[](#sprite5-p233),Mes Kerman
[](#sprite5-p235),Naft Tehran
[](#sprite7-p302),Padideh Khorasan
[](#sprite1-p470),Persepolis
[](#sprite7-p299),Rah Ahan Yazdan
[](#sprite7-p305),Saba Qom
[](#sprite7-p303),Saipa
[](#sprite2-p355),Sanat Naft
[](#sprite2-p230),Sepahan
[](#sprite7-p300),Siahjamegan
[](#sprite2-p412),Tractor Sazi
[](#sprite7-p245),Zob Ahan
[](#sprite4-p18),Albirex Niigata
[](#sprite4-p93),Avispa Fukuoka
[](#sprite2-p91),Cerezo Osaka
[](#sprite7-p288),Ehime FC
[](#sprite7-p287),Fagiano Okayama FC
[](#sprite7-p286),FC Gifu
[](#sprite7-p81),FC Ry≈´ky≈´
[](#sprite2-p55),FC Tokyo
[](#sprite2-p12),Gamba Osaka
[](#sprite7-p284),Giravanz Kitakyushu
[](#sprite2-p165),Hokkaido Consadole Sapporo
[](#sprite4-p52),JEF United Ichihara Chiba
[](#sprite4-p94),J√∫bilo Iwata
[](#sprite7-p283),Kamatamare Sanuki
[](#sprite2-p267),Kashima Antlers
[](#sprite4-p19),Kashiwa Reysol
[](#sprite4-p20),Kawasaki Frontale
[](#sprite7-p282),Kyoto Sanga FC
[](#sprite7-p285),Machida Zelvia
[](#sprite4-p145),Matsumoto Yamaga
[](#sprite7-p215),Mito Hollyhock
[](#sprite4-p95),Montedio Yamagata
[](#sprite2-p24),Nagoya Grampus
[](#sprite8-p419),Oita Trinita
[](#sprite2-p285),Omiya Ardija
[](#sprite7-p281),Renofa Yamaguchi FC
[](#sprite7-p280),Roasso Kumamoto
[](#sprite4-p142),Sagan Tosu
[](#sprite2-p208),Sanfrecce Hiroshima
[](#sprite2-p286),Shimizu S-Pulse
[](#sprite7-p208),Shonan Bellmare
[](#sprite7-p279),Thespakusatsu Gunma
[](#sprite4-p180),Tokushima Vortis
[](#sprite5-p130),Tokyo Verdy
[](#sprite2-p287),Urawa Red Diamonds
[](#sprite7-p278),V-Varen Nagasaki
[](#sprite2-p106),Vegalta Sendai
[](#sprite4-p96),Ventforet Kofu
[](#sprite4-p21),Vissel Kobe
[](#sprite2-p209),Yokohama F¬∑Marinos
[](#sprite7-p277),Yokohama FC
[](#sprite7-p276),Zweigen Kanazawa
[](#sprite4-p62),Al-Ahli SFC
[](#sprite8-p230),Al-Batin
[](#sprite8-p224),Al-Faisaly
[](#sprite8-p226),Al-Fateh
[](#sprite2-p57),Al-Hilal
[](#sprite1-p475),Al-Ittihad
[](#sprite2-p499),Al-Nassr
[](#sprite8-p232),Al-Qadisiyah
[](#sprite8-p231),Al-Raed
[](#sprite5-p237),Al-Shabab
[](#sprite8-p228),Al-Taawoun
[](#sprite8-p225),Al-Wehda Club
[](#sprite8-p229),Ettifaq FC
[](#sprite8-p227),Khaleej Club
[](#sprite5-p144),Al-Ahli SC
[](#sprite5-p145),Al-Arabi SC
[](#sprite5-p146),Al-Gharafa SC
[](#sprite5-p147),Al-Kharaitiyat SC
[](#sprite5-p148),Al-Khor SC
[](#sprite5-p152),Al-Mesaimeer SC
[](#sprite5-p149),Al-Rayyan SC
[](#sprite4-p99),Al-Sadd
[](#sprite5-p150),Al-Sailiya SC
[](#sprite5-p151),Al-Wakrah SC
[](#sprite3-p26),El-Jaish SC
[](#sprite4-p274),Lekhwiya
[](#sprite5-p153),Qatar SC
[](#sprite5-p154),Umm-Salal SC
[](#sprite7-p452),AS Kasserine
[](#sprite7-p148),AS Marsa
[](#sprite4-p130),CA Bizertin
[](#sprite2-p395),Club Africain
[](#sprite8-p472),Club olympique de M√©denine
[](#sprite7-p146),CS Hammam-Lif
[](#sprite4-p128),CS Sfaxien
[](#sprite7-p451),EGS Gafsa
[](#sprite7-p152),EO Sidi Bouzid
[](#sprite7-p153),ES M√©tlaoui
[](#sprite7-p147),ES Zarzis
[](#sprite2-p302),ES Tunis
[](#sprite4-p42),√âtoile du Sahel
[](#sprite7-p151),JS Kairouanaise
[](#sprite8-p322),Olympique de B√©ja
[](#sprite7-p149),Stade Gab√®sien
[](#sprite4-p39),Stade Tunisien
[](#sprite8-p289),Tataouine
[](#sprite7-p150),US Ben Guerdane
[](#sprite4-p131),US Monastirienne
[](#sprite8-p261),Al Nasr Lel Taa'den
[](#sprite1-p407),Al-Ahly
[](#sprite7-p51),Al-Ittihad Alexandria
[](#sprite4-p123),Al-Masry Club
[](#sprite7-p132),Aswan
[](#sprite4-p410),El Gouna
[](#sprite7-p50),El Moqawloon
[](#sprite8-p259),El Sharkia
[](#sprite7-p294),El-Daklyeh
[](#sprite7-p292),El-Entag El-Harby
[](#sprite7-p52),ENPPI
[](#sprite7-p296),Ghazl Al-Mehalla
[](#sprite7-p49),Haras El-Hedood
[](#sprite4-p38),Ismaily
[](#sprite7-p289),Ittihad El Shorta
[](#sprite7-p293),Misr Lel-Makkasa
[](#sprite7-p291),Petrojet
[](#sprite7-p53),Smouha
[](#sprite7-p290),Tala'ea El-Gaish
[](#sprite8-p273),Tanta
[](#sprite4-p122),Tersana SC
[](#sprite7-p295),Wadi Degla
[](#sprite2-p14),Zamalek SC
[](#sprite6-p3),Algeria
[](#sprite6-p5),Angola
[](#sprite6-p19),Benin
[](#sprite6-p23),Botswana
[](#sprite6-p27),Burkina Faso
[](#sprite6-p28),Burundi
[](#sprite6-p30),Cameroon
[](#sprite6-p32),Cape Verde
[](#sprite6-p33),Central African Republic
[](#sprite6-p34),Chad
[](#sprite6-p38),Comoros
[](#sprite6-p40),Congo
[](#sprite6-p42),C√¥te d'Ivoire
[](#sprite6-p48),Djibouti
[](#sprite6-p39),DR Congo
[](#sprite6-p52),Egypt
[](#sprite6-p54),Equatorial Guinea
[](#sprite6-p55),Eritrea
[](#sprite6-p57),Ethiopia
[](#sprite6-p61),Gabon
[](#sprite6-p62),Gambia
[](#sprite6-p65),Ghana
[](#sprite6-p69),Guinea
[](#sprite6-p70),Guinea-Bissau
[](#sprite6-p87),Kenya
[](#sprite6-p96),Lesotho
[](#sprite6-p97),Liberia
[](#sprite6-p98),Libya
[](#sprite6-p103),Madagascar
[](#sprite6-p104),Malawi
[](#sprite6-p107),Mali
[](#sprite6-p110),Mauritania
[](#sprite6-p111),Mauritius
[](#sprite6-p118),Morocco
[](#sprite6-p119),Mozambique
[](#sprite6-p121),Namibia
[](#sprite6-p127),Niger
[](#sprite6-p128),Nigeria
[](#sprite6-p143),Rwanda
[](#sprite6-p149),S√£o Tom√© and Pr√≠ncipe
[](#sprite6-p151),Senegal
[](#sprite6-p153),Seychelles
[](#sprite6-p154),Sierra Leone
[](#sprite6-p159),Somalia
[](#sprite6-p160),South Africa
[](#sprite6-p235),South Sudan
[](#sprite6-p163),Sudan
[](#sprite6-p165),Swaziland
[](#sprite6-p170),Tanzania
[](#sprite6-p173),Togo
[](#sprite6-p176),Tunisia
[](#sprite6-p180),Uganda
[](#sprite6-p192),Zambia
[](#sprite6-p233),Zanzibar
[](#sprite6-p193),Zimbabwe
[](#sprite6-p1),Afghanistan
[](#sprite6-p13),Bahrain
[](#sprite6-p14),Bangladesh
[](#sprite6-p20),Bhutan
[](#sprite6-p25),Brunei Darussalam
[](#sprite6-p29),Cambodia
[](#sprite6-p36),China
[](#sprite6-p194),Chinese Taipei
[](#sprite6-p215),Hong Kong
[](#sprite6-p76),India
[](#sprite6-p77),Indonesia
[](#sprite6-p78),Iran
[](#sprite6-p79),Iraq
[](#sprite6-p84),Japan
[](#sprite6-p85),Jordan
[](#sprite6-p91),Kuwait
[](#sprite6-p92),Kyrgyzstan
[](#sprite6-p93),Laos
[](#sprite6-p95),Lebanon
[](#sprite6-p216),Macau
[](#sprite6-p105),Malaysia
[](#sprite6-p106),Maldives
[](#sprite6-p116),Mongolia
[](#sprite6-p120),Myanmar
[](#sprite6-p123),Nepal
[](#sprite6-p89),DPR of Korea
[](#sprite6-p130),Oman
[](#sprite6-p131),Pakistan
[](#sprite6-p227),Palestine
[](#sprite6-p137),Philippines
[](#sprite6-p140),Qatar
[](#sprite6-p150),Saudi Arabia
[](#sprite6-p155),Singapore
[](#sprite6-p90),Korea Republic
[](#sprite6-p162),Sri Lanka
[](#sprite6-p168),Syria
[](#sprite6-p169),Tajikistan
[](#sprite6-p171),Thailand
[](#sprite6-p234),Tibet
[](#sprite6-p172),Timor-Leste
[](#sprite6-p178),Turkmenistan
[](#sprite6-p182),United Arab Emirates
[](#sprite6-p186),Uzbekistan
[](#sprite6-p190),Vietnam
[](#sprite6-p191),Yemen
[](#sprite6-p212),American Samoa
[](#sprite6-p9),Australia
[](#sprite6-p229),Cook Islands
[](#sprite6-p58),Fiji
[](#sprite6-p213),Guam
[](#sprite6-p88),Kiribati
[](#sprite6-p109),Marshall Islands
[](#sprite6-p113),Micronesia
[](#sprite6-p122),Nauru
[](#sprite6-p196),New Caledonia
[](#sprite6-p125),New Zealand
[](#sprite6-p195),Norfolk Island
[](#sprite6-p210),Northern Mariana Islands
[](#sprite6-p132),Palau
[](#sprite6-p134),Papua New Guinea
[](#sprite6-p207),Pitcairn Islands
[](#sprite6-p208),Saint Helena
[](#sprite6-p147),Samoa
[](#sprite6-p158),Solomon Islands
[](#sprite6-p230),Tahiti
[](#sprite6-p174),Tonga
[](#sprite6-p179),Tuvalu
[](#sprite6-p187),Vanuatu
[](#sprite6-p2),Albania
[](#sprite6-p4),Andorra
[](#sprite6-p8),Armenia
[](#sprite6-p10),Austria
[](#sprite6-p11),Azerbaijan
[](#sprite6-p16),Belarus
[](#sprite6-p17),Belgium
[](#sprite6-p22),Bosnia-Herzegovina
[](#sprite6-p26),Bulgaria
[](#sprite6-p231),Catalonia
[](#sprite6-p43),Croatia
[](#sprite6-p45),Cyprus
[](#sprite6-p46),Czech Republic
[](#sprite6-p47),Denmark
[](#sprite6-p222),England
[](#sprite6-p56),Estonia
[](#sprite6-p217),Faroe Islands
[](#sprite6-p59),Finland
[](#sprite6-p60),France
[](#sprite6-p102),North Macedonia
[](#sprite6-p63),Georgia
[](#sprite6-p64),Germany
[](#sprite6-p205),Gibraltar
[](#sprite6-p66),Greece
[](#sprite6-p218),Greenland
[](#sprite6-p197),Guernsey
[](#sprite6-p74),Hungary
[](#sprite6-p75),Iceland
[](#sprite6-p80),Ireland
[](#sprite6-p198),Isle of Man
[](#sprite6-p81),Israel
[](#sprite6-p82),Italy
[](#sprite6-p199),Jersey
[](#sprite6-p86),Kazakhstan
[](#sprite6-p226),Kosovo
[](#sprite6-p94),Latvia
[](#sprite6-p99),Liechtenstein
[](#sprite6-p100),Lithuania
[](#sprite6-p101),Luxembourg
[](#sprite6-p108),Malta
[](#sprite6-p114),Moldova
[](#sprite6-p117),Montenegro
[](#sprite6-p124),Netherlands
[](#sprite6-p225),Northern Ireland
[](#sprite6-p129),Norway
[](#sprite6-p138),Poland
[](#sprite6-p139),Portugal
[](#sprite6-p141),Romania
[](#sprite6-p142),Russia
[](#sprite6-p148),San Marino
[](#sprite6-p223),Scotland
[](#sprite6-p152),Serbia
[](#sprite6-p156),Slovakia
[](#sprite6-p157),Slovenia
[](#sprite6-p161),Spain
[](#sprite6-p166),Sweden
[](#sprite6-p167),Switzerland
[](#sprite6-p177),Turkey
[](#sprite6-p181),Ukraine
[](#sprite6-p183),United Kingdom
[](#sprite6-p188),Vatican City
[](#sprite6-p224),Wales
[](#sprite6-p200),Anguilla
[](#sprite6-p6),Antigua and Barbuda
[](#sprite6-p220),Aruba
[](#sprite6-p12),Bahamas
[](#sprite6-p15),Barbados
[](#sprite6-p18),Belize
[](#sprite6-p201),Bermuda
[](#sprite6-p202),British Virgin Islands
[](#sprite6-p31),Canada
[](#sprite6-p203),Cayman Islands
[](#sprite6-p41),Costa Rica
[](#sprite6-p44),Cuba
[](#sprite6-p219),Cura√ßao
[](#sprite6-p49),Dominica
[](#sprite6-p50),Dominican Republic
[](#sprite6-p53),El Salvador
[](#sprite6-p67),Grenada
[](#sprite6-p232),Guadeloupe
[](#sprite6-p68),Guatemala
[](#sprite6-p72),Haiti
[](#sprite6-p73),Honduras
[](#sprite6-p83),Jamaica
[](#sprite6-p236),Martinique
[](#sprite6-p112),Mexico
[](#sprite6-p206),Montserrat
[](#sprite6-p221),Netherlands Antilles
[](#sprite6-p126),Nicaragua
[](#sprite6-p133),Panama
[](#sprite6-p211),Puerto Rico
[](#sprite6-p144),Saint Kitts and Nevis
[](#sprite6-p145),Saint Lucia
[](#sprite6-p146),Saint Vincent and the Grenadines
[](#sprite6-p175),Trinidad and Tobago
[](#sprite6-p209),Turks and Caicos Islands
[](#sprite6-p184),United States
[](#sprite6-p214),US Virgin Islands
[](#sprite6-p7),Argentina
[](#sprite6-p21),Bolivia
[](#sprite6-p24),Brazil
[](#sprite6-p35),Chile
[](#sprite6-p37),Colombia
[](#sprite6-p51),Ecuador
[](#sprite6-p204),Falkland Islands
[](#sprite6-p228),French Guiana
[](#sprite6-p71),Guyana
[](#sprite6-p135),Paraguay
[](#sprite6-p136),Peru
[](#sprite6-p164),Suriname
[](#sprite6-p185),Uruguay
[](#sprite6-p189),Venezuela
[](#sprite1-p195),Adelaide United
[](#sprite1-p129),Brisbane Roar
[](#sprite1-p226),Central Coast Mariners
[](#sprite1-p264),Melbourne City
[](#sprite1-p98),Melbourne Victory
[](#sprite1-p250),Newcastle Jets
[](#sprite1-p222),Perth Glory
[](#sprite1-p148),Sydney
[](#sprite1-p115),Western Sydney Wanderers
[](#sprite1-p124),Wellington Phoenix